0 1 1 0 0 0 0 0
64 0 1 0 0 0 0 0
100000 0 1 2 1 0 0 0
100002 0 1 2 0 0 0 0
600000 0 1 2 0 1 3 1174405
600002 0 1 2 0 0 3 1174405
800000 0 1 2 0 1 0 2013266
800002 0 1 2 0 0 0 2013266
5000000 0 0 2 0 0 0 2013266
5003200 0 0 2 0 0 0 2013266
5006400 0 0 2 0 0 0 2013266
5009600 0 0 2 0 0 0 2013266
5012800 0 0 2 0 0 0 2013266
5016000 0 1 2 0 0 0 2013266
5019200 0 0 2 0 0 0 2013266
5022400 0 0 2 0 0 0 2013266
5025600 0 1 2 0 0 0 2013266
5028800 0 1 2 0 0 0 2013266
5032000 0 1 2 0 0 0 2013266
5035200 0 0 2 0 0 0 2013266
5038400 0 1 2 0 0 0 2013266
5041600 0 0 2 0 0 0 2013266
5044800 0 1 2 0 0 0 2013266
5048000 0 1 2 0 0 0 2013266
5051200 0 0 2 0 0 0 2013266
5054400 0 1 2 0 0 0 2013266
5057600 0 0 2 0 0 0 2013266
5060800 0 0 2 0 0 0 2013266
5064000 0 1 2 0 0 0 2013266
5067200 0 1 2 0 0 0 2013266
5070400 0 0 2 0 0 0 2013266
5073600 0 0 2 0 0 0 2013266
5076800 0 0 2 0 0 0 2013266
5080000 0 0 2 0 0 0 2013266
5083200 0 0 2 0 0 0 2013266
5086400 0 0 2 0 0 0 2013266
5089600 0 1 2 0 0 0 2013266
5092800 0 1 2 0 0 0 2013266
5096000 0 0 2 0 0 0 2013266
5099200 0 1 2 0 0 0 2013266
5102400 0 1 2 0 0 0 2013266
16000000 0 0 2 0 0 0 2013266
16003200 0 0 2 0 0 0 2013266
16006400 0 0 2 0 0 0 2013266
16009600 0 0 2 0 0 0 2013266
16012800 0 0 2 0 0 0 2013266
16016000 0 0 2 0 0 0 2013266
16019200 0 0 2 0 0 0 2013266
16022400 0 0 2 0 0 0 2013266
16025600 0 1 2 0 0 0 2013266
16028800 0 1 2 0 0 0 2013266
16032000 0 1 2 0 0 0 2013266
16035200 0 0 2 0 0 0 2013266
16038400 0 1 2 0 0 0 2013266
16041600 0 0 2 0 0 0 2013266
16044800 0 1 2 0 0 0 2013266
16048000 0 1 2 0 0 0 2013266
16051200 0 0 2 0 0 0 2013266
16054400 0 1 2 0 0 0 2013266
16057600 0 0 2 0 0 0 2013266
16060800 0 0 2 0 0 0 2013266
16064000 0 1 2 0 0 0 2013266
16067200 0 1 2 0 0 0 2013266
16070400 0 0 2 0 0 0 2013266
16073600 0 0 2 0 0 0 2013266
16076800 0 0 2 0 0 0 2013266
16080000 0 0 2 0 0 0 2013266
16083200 0 0 2 0 0 0 2013266
16086400 0 0 2 0 0 0 2013266
16089600 0 0 2 0 0 0 2013266
16092800 0 0 2 0 0 0 2013266
16096000 0 0 2 0 0 0 2013266
16099200 0 1 2 0 0 0 2013266
16102400 0 1 2 0 0 0 2013266
25000000 0 0 2 0 0 0 2013266
25003200 0 0 2 0 0 0 2013266
25006400 0 0 2 0 0 0 2013266
25009600 0 0 2 0 0 0 2013266
25012800 0 0 2 0 0 0 2013266
25016000 0 1 2 0 0 0 2013266
25019200 0 0 2 0 0 0 2013266
25022400 0 0 2 0 0 0 2013266
25025600 0 1 2 0 0 0 2013266
25028800 0 1 2 0 0 0 2013266
25032000 0 1 2 0 0 0 2013266
25035200 0 0 2 0 0 0 2013266
25038400 0 0 2 0 0 0 2013266
25041600 0 0 2 0 0 0 2013266
25044800 0 1 2 0 0 0 2013266
25048000 0 0 2 0 0 0 2013266
25051200 0 1 2 0 0 0 2013266
25054400 0 1 2 0 0 0 2013266
25057600 0 0 2 0 0 0 2013266
25060800 0 0 2 0 0 0 2013266
25064000 0 1 2 0 0 0 2013266
25067200 0 1 2 0 0 0 2013266
25070400 0 0 2 0 0 0 2013266
25073600 0 0 2 0 0 0 2013266
25076800 0 1 2 0 0 0 2013266
25080000 0 1 2 0 0 0 2013266
25083200 0 1 2 0 0 0 2013266
25086400 0 1 2 0 0 0 2013266
25089600 0 1 2 0 0 0 2013266
25092800 0 0 2 0 0 0 2013266
25096000 0 0 2 0 0 0 2013266
25099200 0 1 2 0 0 0 2013266
25102400 0 1 2 0 0 0 2013266
36000000 0 0 2 0 0 0 2013266
36003200 0 0 2 0 0 0 2013266
36006400 0 0 2 0 0 0 2013266
36009600 0 0 2 0 0 0 2013266
36012800 0 0 2 0 0 0 2013266
36016000 0 0 2 0 0 0 2013266
36019200 0 0 2 0 0 0 2013266
36022400 0 0 2 0 0 0 2013266
36025600 0 1 2 0 0 0 2013266
36028800 0 1 2 0 0 0 2013266
36032000 0 1 2 0 0 0 2013266
36035200 0 0 2 0 0 0 2013266
36038400 0 0 2 0 0 0 2013266
36041600 0 0 2 0 0 0 2013266
36044800 0 1 2 0 0 0 2013266
36048000 0 0 2 0 0 0 2013266
36051200 0 1 2 0 0 0 2013266
36054400 0 1 2 0 0 0 2013266
36057600 0 0 2 0 0 0 2013266
36060800 0 0 2 0 0 0 2013266
36064000 0 1 2 0 0 0 2013266
36067200 0 1 2 0 0 0 2013266
36070400 0 0 2 0 0 0 2013266
36073600 0 0 2 0 0 0 2013266
36076800 0 0 2 0 0 0 2013266
36080000 0 0 2 0 0 0 2013266
36083200 0 0 2 0 0 0 2013266
36086400 0 0 2 0 0 0 2013266
36089600 0 0 2 0 0 0 2013266
36092800 0 0 2 0 0 0 2013266
36096000 0 0 2 0 0 0 2013266
36099200 0 1 2 0 0 0 2013266
36102400 0 1 2 0 0 0 2013266
45000000 0 0 2 0 0 0 2013266
45003200 0 0 2 0 0 0 2013266
45006400 0 0 2 0 0 0 2013266
45009600 0 0 2 0 0 0 2013266
45012800 0 0 2 0 0 0 2013266
45016000 0 1 2 0 0 0 2013266
45019200 0 0 2 0 0 0 2013266
45022400 0 0 2 0 0 0 2013266
45025600 0 1 2 0 0 0 2013266
45028800 0 1 2 0 0 0 2013266
45032000 0 1 2 0 0 0 2013266
45035200 0 0 2 0 0 0 2013266
45038400 0 0 2 0 0 0 2013266
45041600 0 0 2 0 0 0 2013266
45044800 0 0 2 0 0 0 2013266
45048000 0 0 2 0 0 0 2013266
45051200 0 1 2 0 0 0 2013266
45054400 0 1 2 0 0 0 2013266
45057600 0 0 2 0 0 0 2013266
45060800 0 0 2 0 0 0 2013266
45064000 0 1 2 0 0 0 2013266
45067200 0 1 2 0 0 0 2013266
45070400 0 0 2 0 0 0 2013266
45073600 0 0 2 0 0 0 2013266
45076800 0 1 2 0 0 0 2013266
45080000 0 1 2 0 0 0 2013266
45083200 0 1 2 0 0 0 2013266
45086400 0 0 2 0 0 0 2013266
45089600 0 0 2 0 0 0 2013266
45092800 0 1 2 0 0 0 2013266
45096000 0 0 2 0 0 0 2013266
45099200 0 1 2 0 0 0 2013266
45102400 0 1 2 0 0 0 2013266
56000000 0 0 2 0 0 0 2013266
56003200 0 0 2 0 0 0 2013266
56006400 0 0 2 0 0 0 2013266
56009600 0 0 2 0 0 0 2013266
56012800 0 0 2 0 0 0 2013266
56016000 0 0 2 0 0 0 2013266
56019200 0 0 2 0 0 0 2013266
56022400 0 0 2 0 0 0 2013266
56025600 0 1 2 0 0 0 2013266
56028800 0 1 2 0 0 0 2013266
56032000 0 1 2 0 0 0 2013266
56035200 0 0 2 0 0 0 2013266
56038400 0 0 2 0 0 0 2013266
56041600 0 0 2 0 0 0 2013266
56044800 0 0 2 0 0 0 2013266
56048000 0 0 2 0 0 0 2013266
56051200 0 1 2 0 0 0 2013266
56054400 0 1 2 0 0 0 2013266
56057600 0 0 2 0 0 0 2013266
56060800 0 0 2 0 0 0 2013266
56064000 0 1 2 0 0 0 2013266
56067200 0 1 2 0 0 0 2013266
56070400 0 0 2 0 0 0 2013266
56073600 0 0 2 0 0 0 2013266
56076800 0 0 2 0 0 0 2013266
56080000 0 0 2 0 0 0 2013266
56083200 0 0 2 0 0 0 2013266
56086400 0 0 2 0 0 0 2013266
56089600 0 0 2 0 0 0 2013266
56092800 0 0 2 0 0 0 2013266
56096000 0 0 2 0 0 0 2013266
56099200 0 1 2 0 0 0 2013266
56102400 0 1 2 0 0 0 2013266
65000000 0 0 2 0 0 0 2013266
65003200 0 0 2 0 0 0 2013266
65006400 0 0 2 0 0 0 2013266
65009600 0 0 2 0 0 0 2013266
65012800 0 0 2 0 0 0 2013266
65016000 0 1 2 0 0 0 2013266
65019200 0 0 2 0 0 0 2013266
65022400 0 0 2 0 0 0 2013266
65025600 0 1 2 0 0 0 2013266
65028800 0 1 2 0 0 0 2013266
65032000 0 1 2 0 0 0 2013266
65035200 0 0 2 0 0 0 2013266
65038400 0 1 2 0 0 0 2013266
65041600 0 1 2 0 0 0 2013266
65044800 0 1 2 0 0 0 2013266
65048000 0 0 2 0 0 0 2013266
65051200 0 1 2 0 0 0 2013266
65054400 0 1 2 0 0 0 2013266
65057600 0 0 2 0 0 0 2013266
65060800 0 0 2 0 0 0 2013266
65064000 0 1 2 0 0 0 2013266
65067200 0 1 2 0 0 0 2013266
65070400 0 0 2 0 0 0 2013266
65073600 0 0 2 0 0 0 2013266
65076800 0 0 2 0 0 0 2013266
65080000 0 1 2 0 0 0 2013266
65083200 0 0 2 0 0 0 2013266
65086400 0 0 2 0 0 0 2013266
65089600 0 0 2 0 0 0 2013266
65092800 0 1 2 0 0 0 2013266
65096000 0 0 2 0 0 0 2013266
65099200 0 1 2 0 0 0 2013266
65102400 0 1 2 0 0 0 2013266
76000000 0 0 2 0 0 0 2013266
76003200 0 0 2 0 0 0 2013266
76006400 0 0 2 0 0 0 2013266
76009600 0 0 2 0 0 0 2013266
76012800 0 0 2 0 0 0 2013266
76016000 0 0 2 0 0 0 2013266
76019200 0 0 2 0 0 0 2013266
76022400 0 0 2 0 0 0 2013266
76025600 0 1 2 0 0 0 2013266
76028800 0 1 2 0 0 0 2013266
76032000 0 1 2 0 0 0 2013266
76035200 0 0 2 0 0 0 2013266
76038400 0 1 2 0 0 0 2013266
76041600 0 1 2 0 0 0 2013266
76044800 0 1 2 0 0 0 2013266
76048000 0 0 2 0 0 0 2013266
76051200 0 1 2 0 0 0 2013266
76054400 0 1 2 0 0 0 2013266
76057600 0 0 2 0 0 0 2013266
76060800 0 0 2 0 0 0 2013266
76064000 0 1 2 0 0 0 2013266
76067200 0 1 2 0 0 0 2013266
76070400 0 0 2 0 0 0 2013266
76073600 0 0 2 0 0 0 2013266
76076800 0 0 2 0 0 0 2013266
76080000 0 0 2 0 0 0 2013266
76083200 0 0 2 0 0 0 2013266
76086400 0 0 2 0 0 0 2013266
76089600 0 0 2 0 0 0 2013266
76092800 0 0 2 0 0 0 2013266
76096000 0 0 2 0 0 0 2013266
76099200 0 1 2 0 0 0 2013266
76102400 0 1 2 0 0 0 2013266
85000000 0 0 2 0 0 0 2013266
85003200 0 0 2 0 0 0 2013266
85006400 0 0 2 0 0 0 2013266
85009600 0 0 2 0 0 0 2013266
85012800 0 0 2 0 0 0 2013266
85016000 0 1 2 0 0 0 2013266
85019200 0 0 2 0 0 0 2013266
85022400 0 0 2 0 0 0 2013266
85025600 0 1 2 0 0 0 2013266
85028800 0 1 2 0 0 0 2013266
85032000 0 1 2 0 0 0 2013266
85035200 0 0 2 0 0 0 2013266
85038400 0 0 2 0 0 0 2013266
85041600 0 1 2 0 0 0 2013266
85044800 0 0 2 0 0 0 2013266
85048000 0 0 2 0 0 0 2013266
85051200 0 1 2 0 0 0 2013266
85054400 0 1 2 0 0 0 2013266
85057600 0 0 2 0 0 0 2013266
85060800 0 0 2 0 0 0 2013266
85064000 0 1 2 0 0 0 2013266
85067200 0 1 2 0 0 0 2013266
85070400 0 0 2 0 0 0 2013266
85073600 0 0 2 0 0 0 2013266
85076800 0 0 2 0 0 0 2013266
85080000 0 0 2 0 0 0 2013266
85083200 0 1 2 0 0 0 2013266
85086400 0 1 2 0 0 0 2013266
85089600 0 0 2 0 0 0 2013266
85092800 0 1 2 0 0 0 2013266
85096000 0 0 2 0 0 0 2013266
85099200 0 1 2 0 0 0 2013266
85102400 0 1 2 0 0 0 2013266
103000000 0 0 2 0 0 0 2013266
103003200 0 0 2 0 0 0 2013266
103006400 0 0 2 0 0 0 2013266
103009600 0 0 2 0 0 0 2013266
103012800 0 0 2 0 0 0 2013266
103016000 0 0 2 0 0 0 2013266
103019200 0 0 2 0 0 0 2013266
103022400 0 0 2 0 0 0 2013266
103025600 0 1 2 0 0 0 2013266
103028800 0 1 2 0 0 0 2013266
103032000 0 1 2 0 0 0 2013266
103035200 0 0 2 0 0 0 2013266
103038400 0 0 2 0 0 0 2013266
103041600 0 1 2 0 0 0 2013266
103044800 0 0 2 0 0 0 2013266
103048000 0 0 2 0 0 0 2013266
103051200 0 1 2 0 0 0 2013266
103054400 0 1 2 0 0 0 2013266
103057600 0 0 2 0 0 0 2013266
103060800 0 0 2 0 0 0 2013266
103064000 0 1 2 0 0 0 2013266
103067200 0 1 2 0 0 0 2013266
103070400 0 0 2 0 0 0 2013266
103073600 0 0 2 0 0 0 2013266
103076800 0 0 2 0 0 0 2013266
103080000 0 0 2 0 0 0 2013266
103083200 0 0 2 0 0 0 2013266
103086400 0 0 2 0 0 0 2013266
103089600 0 0 2 0 0 0 2013266
103092800 0 0 2 0 0 0 2013266
103096000 0 0 2 0 0 0 2013266
103099200 0 1 2 0 0 0 2013266
103102400 0 1 2 0 0 0 2013266
103105600 0 0 2 0 0 0 2013266
103108800 0 0 2 0 0 0 2013266
103112000 0 0 2 0 0 0 2013266
103115200 0 0 2 0 0 0 2013266
103118400 0 0 2 0 0 0 2013266
103121600 0 1 2 0 0 0 2013266
103124800 0 0 2 0 0 0 2013266
103128000 0 0 2 0 0 0 2013266
103131200 0 1 2 0 0 0 2013266
103134400 0 1 2 0 0 0 2013266
103137600 0 1 2 0 0 0 2013266
103140800 0 0 2 0 0 0 2013266
103144000 0 0 2 0 0 0 2013266
103147200 0 1 2 0 0 0 2013266
103150400 0 1 2 0 0 0 2013266
103153600 0 1 2 0 0 0 2013266
103156800 0 1 2 0 0 0 2013266
103160000 0 1 2 0 0 0 2013266
103163200 0 0 2 0 0 0 2013266
103166400 0 0 2 0 0 0 2013266
103169600 0 1 2 0 0 0 2013266
103172800 0 1 2 0 0 0 2013266
103176000 0 0 2 0 0 0 2013266
103179200 0 0 2 0 0 0 2013266
103182400 0 1 2 0 0 0 2013266
103185600 0 0 2 0 0 0 2013266
103188800 0 1 2 0 0 0 2013266
103192000 0 1 2 0 0 0 2013266
103195200 0 1 2 0 0 0 2013266
103198400 0 0 2 0 0 0 2013266
103201600 0 0 2 0 0 0 2013266
103204800 0 1 2 0 0 0 2013266
103208000 0 1 2 0 0 0 2013266
103211200 0 0 2 0 0 0 2013266
103214400 0 0 2 0 0 0 2013266
103217600 0 0 2 0 0 0 2013266
103220800 0 0 2 0 0 0 2013266
103224000 0 0 2 0 0 0 2013266
103227200 0 0 2 0 0 0 2013266
103230400 0 0 2 0 0 0 2013266
103233600 0 0 2 0 0 0 2013266
103236800 0 1 2 0 0 0 2013266
103240000 0 1 2 0 0 0 2013266
103243200 0 1 2 0 0 0 2013266
103246400 0 0 2 0 0 0 2013266
103249600 0 0 2 0 0 0 2013266
103252800 0 1 2 0 0 0 2013266
103256000 0 1 2 0 0 0 2013266
103259200 0 1 2 0 0 0 2013266
103262400 0 1 2 0 0 0 2013266
103265600 0 1 2 0 0 0 2013266
103268800 0 0 2 0 0 0 2013266
103272000 0 0 2 0 0 0 2013266
103275200 0 1 2 0 0 0 2013266
103278400 0 1 2 0 0 0 2013266
103281600 0 0 2 0 0 0 2013266
103284800 0 0 2 0 0 0 2013266
103288000 0 0 2 0 0 0 2013266
103291200 0 0 2 0 0 0 2013266
103294400 0 0 2 0 0 0 2013266
103297600 0 0 2 0 0 0 2013266
103300800 0 0 2 0 0 0 2013266
103304000 0 0 2 0 0 0 2013266
103307200 0 0 2 0 0 0 2013266
103310400 0 1 2 0 0 0 2013266
103313600 0 1 2 0 0 0 2013266
105000000 0 0 2 0 0 0 2013266
105003200 0 0 2 0 0 0 2013266
105006400 0 0 2 0 0 0 2013266
105009600 0 0 2 0 0 0 2013266
105012800 0 0 2 0 0 0 2013266
105016000 0 1 2 0 0 0 2013266
105019200 0 0 2 0 0 0 2013266
105022400 0 0 2 0 0 0 2013266
105025600 0 1 2 0 0 0 2013266
105028800 0 1 2 0 0 0 2013266
105032000 0 1 2 0 0 0 2013266
105035200 0 0 2 0 0 0 2013266
105038400 0 1 2 0 0 0 2013266
105041600 0 0 2 0 0 0 2013266
105044800 0 1 2 0 0 0 2013266
105048000 0 1 2 0 0 0 2013266
105051200 0 0 2 0 0 0 2013266
105054400 0 1 2 0 0 0 2013266
105057600 0 0 2 0 0 0 2013266
105060800 0 0 2 0 0 0 2013266
105064000 0 1 2 0 0 0 2013266
105067200 0 1 2 0 0 0 2013266
105070400 0 0 2 0 0 0 2013266
105073600 0 0 2 0 0 0 2013266
105076800 0 0 2 0 0 0 2013266
105080000 0 0 2 0 0 0 2013266
105083200 0 0 2 0 0 0 2013266
105086400 0 0 2 0 0 0 2013266
105089600 0 1 2 0 0 0 2013266
105092800 0 1 2 0 0 0 2013266
105096000 0 0 2 0 0 0 2013266
105099200 0 1 2 0 0 0 2013266
105102400 0 1 2 0 0 0 2013266
116000000 0 0 2 0 0 0 2013266
116003200 0 0 2 0 0 0 2013266
116006400 0 0 2 0 0 0 2013266
116009600 0 0 2 0 0 0 2013266
116012800 0 0 2 0 0 0 2013266
116016000 0 0 2 0 0 0 2013266
116019200 0 0 2 0 0 0 2013266
116022400 0 0 2 0 0 0 2013266
116025600 0 1 2 0 0 0 2013266
116028800 0 1 2 0 0 0 2013266
116032000 0 1 2 0 0 0 2013266
116035200 0 0 2 0 0 0 2013266
116038400 0 1 2 0 0 0 2013266
116041600 0 0 2 0 0 0 2013266
116044800 0 1 2 0 0 0 2013266
116048000 0 1 2 0 0 0 2013266
116051200 0 0 2 0 0 0 2013266
116054400 0 1 2 0 0 0 2013266
116057600 0 0 2 0 0 0 2013266
116060800 0 0 2 0 0 0 2013266
116064000 0 1 2 0 0 0 2013266
116067200 0 1 2 0 0 0 2013266
116070400 0 0 2 0 0 0 2013266
116073600 0 0 2 0 0 0 2013266
116076800 0 0 2 0 0 0 2013266
116080000 0 0 2 0 0 0 2013266
116083200 0 0 2 0 0 0 2013266
116086400 0 0 2 0 0 0 2013266
116089600 0 0 2 0 0 0 2013266
116092800 0 0 2 0 0 0 2013266
116096000 0 0 2 0 0 0 2013266
116099200 0 1 2 0 0 0 2013266
116102400 0 1 2 0 0 0 2013266
125000000 0 0 2 0 0 0 2013266
125003200 0 0 2 0 0 0 2013266
125006400 0 0 2 0 0 0 2013266
125009600 0 0 2 0 0 0 2013266
125012800 0 0 2 0 0 0 2013266
125016000 0 1 2 0 0 0 2013266
125019200 0 0 2 0 0 0 2013266
125022400 0 0 2 0 0 0 2013266
125025600 0 1 2 0 0 0 2013266
125028800 0 1 2 0 0 0 2013266
125032000 0 1 2 0 0 0 2013266
125035200 0 0 2 0 0 0 2013266
125038400 0 0 2 0 0 0 2013266
125041600 0 0 2 0 0 0 2013266
125044800 0 1 2 0 0 0 2013266
125048000 0 0 2 0 0 0 2013266
125051200 0 1 2 0 0 0 2013266
125054400 0 1 2 0 0 0 2013266
125057600 0 0 2 0 0 0 2013266
125060800 0 0 2 0 0 0 2013266
125064000 0 1 2 0 0 0 2013266
125067200 0 1 2 0 0 0 2013266
125070400 0 0 2 0 0 0 2013266
125073600 0 0 2 0 0 0 2013266
125076800 0 1 2 0 0 0 2013266
125080000 0 1 2 0 0 0 2013266
125083200 0 1 2 0 0 0 2013266
125086400 0 1 2 0 0 0 2013266
125089600 0 1 2 0 0 0 2013266
125092800 0 0 2 0 0 0 2013266
125096000 0 0 2 0 0 0 2013266
125099200 0 1 2 0 0 0 2013266
125102400 0 1 2 0 0 0 2013266
136000000 0 0 2 0 0 0 2013266
136003200 0 0 2 0 0 0 2013266
136006400 0 0 2 0 0 0 2013266
136009600 0 0 2 0 0 0 2013266
136012800 0 0 2 0 0 0 2013266
136016000 0 0 2 0 0 0 2013266
136019200 0 0 2 0 0 0 2013266
136022400 0 0 2 0 0 0 2013266
136025600 0 1 2 0 0 0 2013266
136028800 0 1 2 0 0 0 2013266
136032000 0 1 2 0 0 0 2013266
136035200 0 0 2 0 0 0 2013266
136038400 0 0 2 0 0 0 2013266
136041600 0 0 2 0 0 0 2013266
136044800 0 1 2 0 0 0 2013266
136048000 0 0 2 0 0 0 2013266
136051200 0 1 2 0 0 0 2013266
136054400 0 1 2 0 0 0 2013266
136057600 0 0 2 0 0 0 2013266
136060800 0 0 2 0 0 0 2013266
136064000 0 1 2 0 0 0 2013266
136067200 0 1 2 0 0 0 2013266
136070400 0 0 2 0 0 0 2013266
136073600 0 0 2 0 0 0 2013266
136076800 0 0 2 0 0 0 2013266
136080000 0 0 2 0 0 0 2013266
136083200 0 0 2 0 0 0 2013266
136086400 0 0 2 0 0 0 2013266
136089600 0 0 2 0 0 0 2013266
136092800 0 0 2 0 0 0 2013266
136096000 0 0 2 0 0 0 2013266
136099200 0 1 2 0 0 0 2013266
136102400 0 1 2 0 0 0 2013266
145000000 0 0 2 0 0 0 2013266
145003200 0 0 2 0 0 0 2013266
145006400 0 0 2 0 0 0 2013266
145009600 0 0 2 0 0 0 2013266
145012800 0 0 2 0 0 0 2013266
145016000 0 1 2 0 0 0 2013266
145019200 0 0 2 0 0 0 2013266
145022400 0 0 2 0 0 0 2013266
145025600 0 1 2 0 0 0 2013266
145028800 0 1 2 0 0 0 2013266
145032000 0 1 2 0 0 0 2013266
145035200 0 0 2 0 0 0 2013266
145038400 0 1 2 0 0 0 2013266
145041600 0 0 2 0 0 0 2013266
145044800 0 0 2 0 0 0 2013266
145048000 0 1 2 0 0 0 2013266
145051200 0 1 2 0 0 0 2013266
145054400 0 1 2 0 0 0 2013266
145057600 0 0 2 0 0 0 2013266
145060800 0 0 2 0 0 0 2013266
145064000 0 1 2 0 0 0 2013266
145067200 0 1 2 0 0 0 2013266
145070400 0 0 2 0 0 0 2013266
145073600 0 0 2 0 0 0 2013266
145076800 0 1 2 0 0 0 2013266
145080000 0 1 2 0 0 0 2013266
145083200 0 1 2 0 0 0 2013266
145086400 0 0 2 0 0 0 2013266
145089600 0 0 2 0 0 0 2013266
145092800 0 1 2 0 0 0 2013266
145096000 0 0 2 0 0 0 2013266
145099200 0 1 2 0 0 0 2013266
145102400 0 1 2 0 0 0 2013266
156000000 0 0 2 0 0 0 2013266
156003200 0 0 2 0 0 0 2013266
156006400 0 0 2 0 0 0 2013266
156009600 0 0 2 0 0 0 2013266
156012800 0 0 2 0 0 0 2013266
156016000 0 0 2 0 0 0 2013266
156019200 0 0 2 0 0 0 2013266
156022400 0 0 2 0 0 0 2013266
156025600 0 1 2 0 0 0 2013266
156028800 0 1 2 0 0 0 2013266
156032000 0 1 2 0 0 0 2013266
156035200 0 0 2 0 0 0 2013266
156038400 0 1 2 0 0 0 2013266
156041600 0 0 2 0 0 0 2013266
156044800 0 0 2 0 0 0 2013266
156048000 0 1 2 0 0 0 2013266
156051200 0 1 2 0 0 0 2013266
156054400 0 1 2 0 0 0 2013266
156057600 0 0 2 0 0 0 2013266
156060800 0 0 2 0 0 0 2013266
156064000 0 1 2 0 0 0 2013266
156067200 0 1 2 0 0 0 2013266
156070400 0 0 2 0 0 0 2013266
156073600 0 0 2 0 0 0 2013266
156076800 0 0 2 0 0 0 2013266
156080000 0 0 2 0 0 0 2013266
156083200 0 0 2 0 0 0 2013266
156086400 0 0 2 0 0 0 2013266
156089600 0 0 2 0 0 0 2013266
156092800 0 0 2 0 0 0 2013266
156096000 0 0 2 0 0 0 2013266
156099200 0 1 2 0 0 0 2013266
156102400 0 1 2 0 0 0 2013266
165000000 0 0 2 0 0 0 2013266
165003200 0 0 2 0 0 0 2013266
165006400 0 0 2 0 0 0 2013266
165009600 0 0 2 0 0 0 2013266
165012800 0 0 2 0 0 0 2013266
165016000 0 1 2 0 0 0 2013266
165019200 0 0 2 0 0 0 2013266
165022400 0 0 2 0 0 0 2013266
165025600 0 1 2 0 0 0 2013266
165028800 0 1 2 0 0 0 2013266
165032000 0 1 2 0 0 0 2013266
165035200 0 0 2 0 0 0 2013266
165038400 0 0 2 0 0 0 2013266
165041600 0 0 2 0 0 0 2013266
165044800 0 0 2 0 0 0 2013266
165048000 0 0 2 0 0 0 2013266
165051200 0 1 2 0 0 0 2013266
165054400 0 1 2 0 0 0 2013266
165057600 0 0 2 0 0 0 2013266
165060800 0 0 2 0 0 0 2013266
165064000 0 1 2 0 0 0 2013266
165067200 0 1 2 0 0 0 2013266
165070400 0 0 2 0 0 0 2013266
165073600 0 0 2 0 0 0 2013266
165076800 0 0 2 0 0 0 2013266
165080000 0 1 2 0 0 0 2013266
165083200 0 0 2 0 0 0 2013266
165086400 0 0 2 0 0 0 2013266
165089600 0 0 2 0 0 0 2013266
165092800 0 1 2 0 0 0 2013266
165096000 0 0 2 0 0 0 2013266
165099200 0 1 2 0 0 0 2013266
165102400 0 1 2 0 0 0 2013266
176000000 0 0 2 0 0 0 2013266
176003200 0 0 2 0 0 0 2013266
176006400 0 0 2 0 0 0 2013266
176009600 0 0 2 0 0 0 2013266
176012800 0 0 2 0 0 0 2013266
176016000 0 0 2 0 0 0 2013266
176019200 0 0 2 0 0 0 2013266
176022400 0 0 2 0 0 0 2013266
176025600 0 1 2 0 0 0 2013266
176028800 0 1 2 0 0 0 2013266
176032000 0 1 2 0 0 0 2013266
176035200 0 0 2 0 0 0 2013266
176038400 0 0 2 0 0 0 2013266
176041600 0 0 2 0 0 0 2013266
176044800 0 0 2 0 0 0 2013266
176048000 0 0 2 0 0 0 2013266
176051200 0 1 2 0 0 0 2013266
176054400 0 1 2 0 0 0 2013266
176057600 0 0 2 0 0 0 2013266
176060800 0 0 2 0 0 0 2013266
176064000 0 1 2 0 0 0 2013266
176067200 0 1 2 0 0 0 2013266
176070400 0 0 2 0 0 0 2013266
176073600 0 0 2 0 0 0 2013266
176076800 0 0 2 0 0 0 2013266
176080000 0 0 2 0 0 0 2013266
176083200 0 0 2 0 0 0 2013266
176086400 0 0 2 0 0 0 2013266
176089600 0 0 2 0 0 0 2013266
176092800 0 0 2 0 0 0 2013266
176096000 0 0 2 0 0 0 2013266
176099200 0 1 2 0 0 0 2013266
176102400 0 1 2 0 0 0 2013266
185000000 0 0 2 0 0 0 2013266
185003200 0 0 2 0 0 0 2013266
185006400 0 0 2 0 0 0 2013266
185009600 0 0 2 0 0 0 2013266
185012800 0 0 2 0 0 0 2013266
185016000 0 1 2 0 0 0 2013266
185019200 0 0 2 0 0 0 2013266
185022400 0 0 2 0 0 0 2013266
185025600 0 1 2 0 0 0 2013266
185028800 0 1 2 0 0 0 2013266
185032000 0 1 2 0 0 0 2013266
185035200 0 0 2 0 0 0 2013266
185038400 0 1 2 0 0 0 2013266
185041600 0 1 2 0 0 0 2013266
185044800 0 1 2 0 0 0 2013266
185048000 0 0 2 0 0 0 2013266
185051200 0 1 2 0 0 0 2013266
185054400 0 1 2 0 0 0 2013266
185057600 0 0 2 0 0 0 2013266
185060800 0 0 2 0 0 0 2013266
185064000 0 1 2 0 0 0 2013266
185067200 0 1 2 0 0 0 2013266
185070400 0 0 2 0 0 0 2013266
185073600 0 0 2 0 0 0 2013266
185076800 0 0 2 0 0 0 2013266
185080000 0 0 2 0 0 0 2013266
185083200 0 1 2 0 0 0 2013266
185086400 0 1 2 0 0 0 2013266
185089600 0 0 2 0 0 0 2013266
185092800 0 1 2 0 0 0 2013266
185096000 0 0 2 0 0 0 2013266
185099200 0 1 2 0 0 0 2013266
185102400 0 1 2 0 0 0 2013266
203000000 0 0 2 0 0 0 2013266
203003200 0 0 2 0 0 0 2013266
203006400 0 0 2 0 0 0 2013266
203009600 0 0 2 0 0 0 2013266
203012800 0 0 2 0 0 0 2013266
203016000 0 0 2 0 0 0 2013266
203019200 0 0 2 0 0 0 2013266
203022400 0 0 2 0 0 0 2013266
203025600 0 1 2 0 0 0 2013266
203028800 0 1 2 0 0 0 2013266
203032000 0 1 2 0 0 0 2013266
203035200 0 0 2 0 0 0 2013266
203038400 0 1 2 0 0 0 2013266
203041600 0 1 2 0 0 0 2013266
203044800 0 1 2 0 0 0 2013266
203048000 0 0 2 0 0 0 2013266
203051200 0 1 2 0 0 0 2013266
203054400 0 1 2 0 0 0 2013266
203057600 0 0 2 0 0 0 2013266
203060800 0 0 2 0 0 0 2013266
203064000 0 1 2 0 0 0 2013266
203067200 0 1 2 0 0 0 2013266
203070400 0 0 2 0 0 0 2013266
203073600 0 0 2 0 0 0 2013266
203076800 0 0 2 0 0 0 2013266
203080000 0 0 2 0 0 0 2013266
203083200 0 0 2 0 0 0 2013266
203086400 0 0 2 0 0 0 2013266
203089600 0 0 2 0 0 0 2013266
203092800 0 0 2 0 0 0 2013266
203096000 0 0 2 0 0 0 2013266
203099200 0 1 2 0 0 0 2013266
203102400 0 1 2 0 0 0 2013266
203105600 0 0 2 0 0 0 2013266
203108800 0 0 2 0 0 0 2013266
203112000 0 0 2 0 0 0 2013266
203115200 0 0 2 0 0 0 2013266
203118400 0 0 2 0 0 0 2013266
203121600 0 1 2 0 0 0 2013266
203124800 0 0 2 0 0 0 2013266
203128000 0 0 2 0 0 0 2013266
203131200 0 1 2 0 0 0 2013266
203134400 0 1 2 0 0 0 2013266
203137600 0 1 2 0 0 0 2013266
203140800 0 0 2 0 0 0 2013266
203144000 0 1 2 0 0 0 2013266
203147200 0 1 2 0 0 0 2013266
203150400 0 0 2 0 0 0 2013266
203153600 0 0 2 0 0 0 2013266
203156800 0 0 2 0 0 0 2013266
203160000 0 0 2 0 0 0 2013266
203163200 0 1 2 0 0 0 2013266
203166400 0 0 2 0 0 0 2013266
203169600 0 1 2 0 0 0 2013266
203172800 0 1 2 0 0 0 2013266
203176000 0 0 2 0 0 0 2013266
203179200 0 0 2 0 0 0 2013266
203182400 0 1 2 0 0 0 2013266
203185600 0 0 2 0 0 0 2013266
203188800 0 1 2 0 0 0 2013266
203192000 0 1 2 0 0 0 2013266
203195200 0 1 2 0 0 0 2013266
203198400 0 0 2 0 0 0 2013266
203201600 0 0 2 0 0 0 2013266
203204800 0 1 2 0 0 0 2013266
203208000 0 1 2 0 0 0 2013266
203211200 0 0 2 0 0 0 2013266
203214400 0 0 2 0 0 0 2013266
203217600 0 0 2 0 0 0 2013266
203220800 0 0 2 0 0 0 2013266
203224000 0 0 2 0 0 0 2013266
203227200 0 0 2 0 0 0 2013266
203230400 0 0 2 0 0 0 2013266
203233600 0 0 2 0 0 0 2013266
203236800 0 1 2 0 0 0 2013266
203240000 0 1 2 0 0 0 2013266
203243200 0 1 2 0 0 0 2013266
203246400 0 0 2 0 0 0 2013266
203249600 0 1 2 0 0 0 2013266
203252800 0 1 2 0 0 0 2013266
203256000 0 0 2 0 0 0 2013266
203259200 0 0 2 0 0 0 2013266
203262400 0 0 2 0 0 0 2013266
203265600 0 0 2 0 0 0 2013266
203268800 0 1 2 0 0 0 2013266
203272000 0 0 2 0 0 0 2013266
203275200 0 1 2 0 0 0 2013266
203278400 0 1 2 0 0 0 2013266
203281600 0 0 2 0 0 0 2013266
203284800 0 0 2 0 0 0 2013266
203288000 0 0 2 0 0 0 2013266
203291200 0 0 2 0 0 0 2013266
203294400 0 0 2 0 0 0 2013266
203297600 0 0 2 0 0 0 2013266
203300800 0 0 2 0 0 0 2013266
203304000 0 0 2 0 0 0 2013266
203307200 0 0 2 0 0 0 2013266
203310400 0 1 2 0 0 0 2013266
203313600 0 1 2 0 0 0 2013266
205000000 0 0 2 0 0 0 2013266
205003200 0 0 2 0 0 0 2013266
205006400 0 0 2 0 0 0 2013266
205009600 0 0 2 0 0 0 2013266
205012800 0 0 2 0 0 0 2013266
205016000 0 1 2 0 0 0 2013266
205019200 0 0 2 0 0 0 2013266
205022400 0 0 2 0 0 0 2013266
205025600 0 1 2 0 0 0 2013266
205028800 0 1 2 0 0 0 2013266
205032000 0 1 2 0 0 0 2013266
205035200 0 0 2 0 0 0 2013266
205038400 0 1 2 0 0 0 2013266
205041600 0 0 2 0 0 0 2013266
205044800 0 1 2 0 0 0 2013266
205048000 0 1 2 0 0 0 2013266
205051200 0 0 2 0 0 0 2013266
205054400 0 1 2 0 0 0 2013266
205057600 0 0 2 0 0 0 2013266
205060800 0 0 2 0 0 0 2013266
205064000 0 1 2 0 0 0 2013266
205067200 0 1 2 0 0 0 2013266
205070400 0 0 2 0 0 0 2013266
205073600 0 0 2 0 0 0 2013266
205076800 0 0 2 0 0 0 2013266
205080000 0 0 2 0 0 0 2013266
205083200 0 0 2 0 0 0 2013266
205086400 0 0 2 0 0 0 2013266
205089600 0 1 2 0 0 0 2013266
205092800 0 1 2 0 0 0 2013266
205096000 0 0 2 0 0 0 2013266
205099200 0 1 2 0 0 0 2013266
205102400 0 1 2 0 0 0 2013266
216000000 0 0 2 0 0 0 2013266
216003200 0 0 2 0 0 0 2013266
216006400 0 0 2 0 0 0 2013266
216009600 0 0 2 0 0 0 2013266
216012800 0 0 2 0 0 0 2013266
216016000 0 0 2 0 0 0 2013266
216019200 0 0 2 0 0 0 2013266
216022400 0 0 2 0 0 0 2013266
216025600 0 1 2 0 0 0 2013266
216028800 0 1 2 0 0 0 2013266
216032000 0 1 2 0 0 0 2013266
216035200 0 0 2 0 0 0 2013266
216038400 0 1 2 0 0 0 2013266
216041600 0 0 2 0 0 0 2013266
216044800 0 1 2 0 0 0 2013266
216048000 0 1 2 0 0 0 2013266
216051200 0 0 2 0 0 0 2013266
216054400 0 1 2 0 0 0 2013266
216057600 0 0 2 0 0 0 2013266
216060800 0 0 2 0 0 0 2013266
216064000 0 1 2 0 0 0 2013266
216067200 0 1 2 0 0 0 2013266
216070400 0 0 2 0 0 0 2013266
216073600 0 0 2 0 0 0 2013266
216076800 0 0 2 0 0 0 2013266
216080000 0 0 2 0 0 0 2013266
216083200 0 0 2 0 0 0 2013266
216086400 0 0 2 0 0 0 2013266
216089600 0 0 2 0 0 0 2013266
216092800 0 0 2 0 0 0 2013266
216096000 0 0 2 0 0 0 2013266
216099200 0 1 2 0 0 0 2013266
216102400 0 1 2 0 0 0 2013266
225000000 0 0 2 0 0 0 2013266
225003200 0 0 2 0 0 0 2013266
225006400 0 0 2 0 0 0 2013266
225009600 0 0 2 0 0 0 2013266
225012800 0 0 2 0 0 0 2013266
225016000 0 1 2 0 0 0 2013266
225019200 0 0 2 0 0 0 2013266
225022400 0 0 2 0 0 0 2013266
225025600 0 1 2 0 0 0 2013266
225028800 0 1 2 0 0 0 2013266
225032000 0 1 2 0 0 0 2013266
225035200 0 0 2 0 0 0 2013266
225038400 0 0 2 0 0 0 2013266
225041600 0 0 2 0 0 0 2013266
225044800 0 1 2 0 0 0 2013266
225048000 0 0 2 0 0 0 2013266
225051200 0 1 2 0 0 0 2013266
225054400 0 1 2 0 0 0 2013266
225057600 0 0 2 0 0 0 2013266
225060800 0 0 2 0 0 0 2013266
225064000 0 1 2 0 0 0 2013266
225067200 0 1 2 0 0 0 2013266
225070400 0 0 2 0 0 0 2013266
225073600 0 0 2 0 0 0 2013266
225076800 0 1 2 0 0 0 2013266
225080000 0 1 2 0 0 0 2013266
225083200 0 1 2 0 0 0 2013266
225086400 0 1 2 0 0 0 2013266
225089600 0 1 2 0 0 0 2013266
225092800 0 0 2 0 0 0 2013266
225096000 0 0 2 0 0 0 2013266
225099200 0 1 2 0 0 0 2013266
225102400 0 1 2 0 0 0 2013266
236000000 0 0 2 0 0 0 2013266
236003200 0 0 2 0 0 0 2013266
236006400 0 0 2 0 0 0 2013266
236009600 0 0 2 0 0 0 2013266
236012800 0 0 2 0 0 0 2013266
236016000 0 0 2 0 0 0 2013266
236019200 0 0 2 0 0 0 2013266
236022400 0 0 2 0 0 0 2013266
236025600 0 1 2 0 0 0 2013266
236028800 0 1 2 0 0 0 2013266
236032000 0 1 2 0 0 0 2013266
236035200 0 0 2 0 0 0 2013266
236038400 0 0 2 0 0 0 2013266
236041600 0 0 2 0 0 0 2013266
236044800 0 1 2 0 0 0 2013266
236048000 0 0 2 0 0 0 2013266
236051200 0 1 2 0 0 0 2013266
236054400 0 1 2 0 0 0 2013266
236057600 0 0 2 0 0 0 2013266
236060800 0 0 2 0 0 0 2013266
236064000 0 1 2 0 0 0 2013266
236067200 0 1 2 0 0 0 2013266
236070400 0 0 2 0 0 0 2013266
236073600 0 0 2 0 0 0 2013266
236076800 0 0 2 0 0 0 2013266
236080000 0 0 2 0 0 0 2013266
236083200 0 0 2 0 0 0 2013266
236086400 0 0 2 0 0 0 2013266
236089600 0 0 2 0 0 0 2013266
236092800 0 0 2 0 0 0 2013266
236096000 0 0 2 0 0 0 2013266
236099200 0 1 2 0 0 0 2013266
236102400 0 1 2 0 0 0 2013266
245000000 0 0 2 0 0 0 2013266
245003200 0 0 2 0 0 0 2013266
245006400 0 0 2 0 0 0 2013266
245009600 0 0 2 0 0 0 2013266
245012800 0 0 2 0 0 0 2013266
245016000 0 1 2 0 0 0 2013266
245019200 0 0 2 0 0 0 2013266
245022400 0 0 2 0 0 0 2013266
245025600 0 1 2 0 0 0 2013266
245028800 0 1 2 0 0 0 2013266
245032000 0 1 2 0 0 0 2013266
245035200 0 0 2 0 0 0 2013266
245038400 0 0 2 0 0 0 2013266
245041600 0 0 2 0 0 0 2013266
245044800 0 0 2 0 0 0 2013266
245048000 0 0 2 0 0 0 2013266
245051200 0 1 2 0 0 0 2013266
245054400 0 1 2 0 0 0 2013266
245057600 0 0 2 0 0 0 2013266
245060800 0 0 2 0 0 0 2013266
245064000 0 1 2 0 0 0 2013266
245067200 0 1 2 0 0 0 2013266
245070400 0 0 2 0 0 0 2013266
245073600 0 0 2 0 0 0 2013266
245076800 0 1 2 0 0 0 2013266
245080000 0 1 2 0 0 0 2013266
245083200 0 1 2 0 0 0 2013266
245086400 0 0 2 0 0 0 2013266
245089600 0 0 2 0 0 0 2013266
245092800 0 1 2 0 0 0 2013266
245096000 0 0 2 0 0 0 2013266
245099200 0 1 2 0 0 0 2013266
245102400 0 1 2 0 0 0 2013266
256000000 0 0 2 0 0 0 2013266
256003200 0 0 2 0 0 0 2013266
256006400 0 0 2 0 0 0 2013266
256009600 0 0 2 0 0 0 2013266
256012800 0 0 2 0 0 0 2013266
256016000 0 0 2 0 0 0 2013266
256019200 0 0 2 0 0 0 2013266
256022400 0 0 2 0 0 0 2013266
256025600 0 1 2 0 0 0 2013266
256028800 0 1 2 0 0 0 2013266
256032000 0 1 2 0 0 0 2013266
256035200 0 0 2 0 0 0 2013266
256038400 0 0 2 0 0 0 2013266
256041600 0 0 2 0 0 0 2013266
256044800 0 0 2 0 0 0 2013266
256048000 0 0 2 0 0 0 2013266
256051200 0 1 2 0 0 0 2013266
256054400 0 1 2 0 0 0 2013266
256057600 0 0 2 0 0 0 2013266
256060800 0 0 2 0 0 0 2013266
256064000 0 1 2 0 0 0 2013266
256067200 0 1 2 0 0 0 2013266
256070400 0 0 2 0 0 0 2013266
256073600 0 0 2 0 0 0 2013266
256076800 0 0 2 0 0 0 2013266
256080000 0 0 2 0 0 0 2013266
256083200 0 0 2 0 0 0 2013266
256086400 0 0 2 0 0 0 2013266
256089600 0 0 2 0 0 0 2013266
256092800 0 0 2 0 0 0 2013266
256096000 0 0 2 0 0 0 2013266
256099200 0 1 2 0 0 0 2013266
256102400 0 1 2 0 0 0 2013266
265000000 0 0 2 0 0 0 2013266
265003200 0 0 2 0 0 0 2013266
265006400 0 0 2 0 0 0 2013266
265009600 0 0 2 0 0 0 2013266
265012800 0 0 2 0 0 0 2013266
265016000 0 1 2 0 0 0 2013266
265019200 0 0 2 0 0 0 2013266
265022400 0 0 2 0 0 0 2013266
265025600 0 1 2 0 0 0 2013266
265028800 0 1 2 0 0 0 2013266
265032000 0 1 2 0 0 0 2013266
265035200 0 0 2 0 0 0 2013266
265038400 0 1 2 0 0 0 2013266
265041600 0 1 2 0 0 0 2013266
265044800 0 1 2 0 0 0 2013266
265048000 0 0 2 0 0 0 2013266
265051200 0 1 2 0 0 0 2013266
265054400 0 1 2 0 0 0 2013266
265057600 0 0 2 0 0 0 2013266
265060800 0 0 2 0 0 0 2013266
265064000 0 1 2 0 0 0 2013266
265067200 0 1 2 0 0 0 2013266
265070400 0 0 2 0 0 0 2013266
265073600 0 0 2 0 0 0 2013266
265076800 0 0 2 0 0 0 2013266
265080000 0 1 2 0 0 0 2013266
265083200 0 0 2 0 0 0 2013266
265086400 0 0 2 0 0 0 2013266
265089600 0 0 2 0 0 0 2013266
265092800 0 1 2 0 0 0 2013266
265096000 0 0 2 0 0 0 2013266
265099200 0 1 2 0 0 0 2013266
265102400 0 1 2 0 0 0 2013266
276000000 0 0 2 0 0 0 2013266
276003200 0 0 2 0 0 0 2013266
276006400 0 0 2 0 0 0 2013266
276009600 0 0 2 0 0 0 2013266
276012800 0 0 2 0 0 0 2013266
276016000 0 0 2 0 0 0 2013266
276019200 0 0 2 0 0 0 2013266
276022400 0 0 2 0 0 0 2013266
276025600 0 1 2 0 0 0 2013266
276028800 0 1 2 0 0 0 2013266
276032000 0 1 2 0 0 0 2013266
276035200 0 0 2 0 0 0 2013266
276038400 0 1 2 0 0 0 2013266
276041600 0 1 2 0 0 0 2013266
276044800 0 1 2 0 0 0 2013266
276048000 0 0 2 0 0 0 2013266
276051200 0 1 2 0 0 0 2013266
276054400 0 1 2 0 0 0 2013266
276057600 0 0 2 0 0 0 2013266
276060800 0 0 2 0 0 0 2013266
276064000 0 1 2 0 0 0 2013266
276067200 0 1 2 0 0 0 2013266
276070400 0 0 2 0 0 0 2013266
276073600 0 0 2 0 0 0 2013266
276076800 0 0 2 0 0 0 2013266
276080000 0 0 2 0 0 0 2013266
276083200 0 0 2 0 0 0 2013266
276086400 0 0 2 0 0 0 2013266
276089600 0 0 2 0 0 0 2013266
276092800 0 0 2 0 0 0 2013266
276096000 0 0 2 0 0 0 2013266
276099200 0 1 2 0 0 0 2013266
276102400 0 1 2 0 0 0 2013266
285000000 0 0 2 0 0 0 2013266
285003200 0 0 2 0 0 0 2013266
285006400 0 0 2 0 0 0 2013266
285009600 0 0 2 0 0 0 2013266
285012800 0 0 2 0 0 0 2013266
285016000 0 1 2 0 0 0 2013266
285019200 0 0 2 0 0 0 2013266
285022400 0 0 2 0 0 0 2013266
285025600 0 1 2 0 0 0 2013266
285028800 0 1 2 0 0 0 2013266
285032000 0 1 2 0 0 0 2013266
285035200 0 0 2 0 0 0 2013266
285038400 0 0 2 0 0 0 2013266
285041600 0 1 2 0 0 0 2013266
285044800 0 0 2 0 0 0 2013266
285048000 0 0 2 0 0 0 2013266
285051200 0 1 2 0 0 0 2013266
285054400 0 1 2 0 0 0 2013266
285057600 0 0 2 0 0 0 2013266
285060800 0 0 2 0 0 0 2013266
285064000 0 1 2 0 0 0 2013266
285067200 0 1 2 0 0 0 2013266
285070400 0 0 2 0 0 0 2013266
285073600 0 0 2 0 0 0 2013266
285076800 0 0 2 0 0 0 2013266
285080000 0 0 2 0 0 0 2013266
285083200 0 1 2 0 0 0 2013266
285086400 0 1 2 0 0 0 2013266
285089600 0 0 2 0 0 0 2013266
285092800 0 1 2 0 0 0 2013266
285096000 0 0 2 0 0 0 2013266
285099200 0 1 2 0 0 0 2013266
285102400 0 1 2 0 0 0 2013266
303000000 0 0 2 0 0 0 2013266
303003200 0 0 2 0 0 0 2013266
303006400 0 0 2 0 0 0 2013266
303009600 0 0 2 0 0 0 2013266
303012800 0 0 2 0 0 0 2013266
303016000 0 0 2 0 0 0 2013266
303019200 0 0 2 0 0 0 2013266
303022400 0 0 2 0 0 0 2013266
303025600 0 1 2 0 0 0 2013266
303028800 0 1 2 0 0 0 2013266
303032000 0 1 2 0 0 0 2013266
303035200 0 0 2 0 0 0 2013266
303038400 0 0 2 0 0 0 2013266
303041600 0 1 2 0 0 0 2013266
303044800 0 0 2 0 0 0 2013266
303048000 0 0 2 0 0 0 2013266
303051200 0 1 2 0 0 0 2013266
303054400 0 1 2 0 0 0 2013266
303057600 0 0 2 0 0 0 2013266
303060800 0 0 2 0 0 0 2013266
303064000 0 1 2 0 0 0 2013266
303067200 0 1 2 0 0 0 2013266
303070400 0 0 2 0 0 0 2013266
303073600 0 0 2 0 0 0 2013266
303076800 0 0 2 0 0 0 2013266
303080000 0 0 2 0 0 0 2013266
303083200 0 0 2 0 0 0 2013266
303086400 0 0 2 0 0 0 2013266
303089600 0 0 2 0 0 0 2013266
303092800 0 0 2 0 0 0 2013266
303096000 0 0 2 0 0 0 2013266
303099200 0 1 2 0 0 0 2013266
303102400 0 1 2 0 0 0 2013266
303105600 0 0 2 0 0 0 2013266
303108800 0 0 2 0 0 0 2013266
303112000 0 0 2 0 0 0 2013266
303115200 0 0 2 0 0 0 2013266
303118400 0 0 2 0 0 0 2013266
303121600 0 1 2 0 0 0 2013266
303124800 0 0 2 0 0 0 2013266
303128000 0 0 2 0 0 0 2013266
303131200 0 1 2 0 0 0 2013266
303134400 0 1 2 0 0 0 2013266
303137600 0 1 2 0 0 0 2013266
303140800 0 0 2 0 0 0 2013266
303144000 0 0 2 0 0 0 2013266
303147200 0 1 2 0 0 0 2013266
303150400 0 1 2 0 0 0 2013266
303153600 0 1 2 0 0 0 2013266
303156800 0 1 2 0 0 0 2013266
303160000 0 1 2 0 0 0 2013266
303163200 0 0 2 0 0 0 2013266
303166400 0 0 2 0 0 0 2013266
303169600 0 1 2 0 0 0 2013266
303172800 0 1 2 0 0 0 2013266
303176000 0 0 2 0 0 0 2013266
303179200 0 0 2 0 0 0 2013266
303182400 0 1 2 0 0 0 2013266
303185600 0 0 2 0 0 0 2013266
303188800 0 1 2 0 0 0 2013266
303192000 0 1 2 0 0 0 2013266
303195200 0 1 2 0 0 0 2013266
303198400 0 0 2 0 0 0 2013266
303201600 0 0 2 0 0 0 2013266
303204800 0 1 2 0 0 0 2013266
303208000 0 1 2 0 0 0 2013266
303211200 0 0 2 0 0 0 2013266
303214400 0 0 2 0 0 0 2013266
303217600 0 0 2 0 0 0 2013266
303220800 0 0 2 0 0 0 2013266
303224000 0 0 2 0 0 0 2013266
303227200 0 0 2 0 0 0 2013266
303230400 0 0 2 0 0 0 2013266
303233600 0 0 2 0 0 0 2013266
303236800 0 1 2 0 0 0 2013266
303240000 0 1 2 0 0 0 2013266
303243200 0 1 2 0 0 0 2013266
303246400 0 0 2 0 0 0 2013266
303249600 0 0 2 0 0 0 2013266
303252800 0 1 2 0 0 0 2013266
303256000 0 1 2 0 0 0 2013266
303259200 0 1 2 0 0 0 2013266
303262400 0 1 2 0 0 0 2013266
303265600 0 1 2 0 0 0 2013266
303268800 0 0 2 0 0 0 2013266
303272000 0 0 2 0 0 0 2013266
303275200 0 1 2 0 0 0 2013266
303278400 0 1 2 0 0 0 2013266
303281600 0 0 2 0 0 0 2013266
303284800 0 0 2 0 0 0 2013266
303288000 0 0 2 0 0 0 2013266
303291200 0 0 2 0 0 0 2013266
303294400 0 0 2 0 0 0 2013266
303297600 0 0 2 0 0 0 2013266
303300800 0 0 2 0 0 0 2013266
303304000 0 0 2 0 0 0 2013266
303307200 0 0 2 0 0 0 2013266
303310400 0 1 2 0 0 0 2013266
303313600 0 1 2 0 0 0 2013266
305000000 0 0 2 0 0 0 2013266
305003200 0 0 2 0 0 0 2013266
305006400 0 0 2 0 0 0 2013266
305009600 0 0 2 0 0 0 2013266
305012800 0 0 2 0 0 0 2013266
305016000 0 1 2 0 0 0 2013266
305019200 0 0 2 0 0 0 2013266
305022400 0 0 2 0 0 0 2013266
305025600 0 1 2 0 0 0 2013266
305028800 0 1 2 0 0 0 2013266
305032000 0 1 2 0 0 0 2013266
305035200 0 0 2 0 0 0 2013266
305038400 0 1 2 0 0 0 2013266
305041600 0 0 2 0 0 0 2013266
305044800 0 1 2 0 0 0 2013266
305048000 0 1 2 0 0 0 2013266
305051200 0 0 2 0 0 0 2013266
305054400 0 1 2 0 0 0 2013266
305057600 0 0 2 0 0 0 2013266
305060800 0 0 2 0 0 0 2013266
305064000 0 1 2 0 0 0 2013266
305067200 0 1 2 0 0 0 2013266
305070400 0 0 2 0 0 0 2013266
305073600 0 0 2 0 0 0 2013266
305076800 0 0 2 0 0 0 2013266
305080000 0 0 2 0 0 0 2013266
305083200 0 0 2 0 0 0 2013266
305086400 0 0 2 0 0 0 2013266
305089600 0 1 2 0 0 0 2013266
305092800 0 1 2 0 0 0 2013266
305096000 0 0 2 0 0 0 2013266
305099200 0 1 2 0 0 0 2013266
305102400 0 1 2 0 0 0 2013266
316000000 0 0 2 0 0 0 2013266
316003200 0 0 2 0 0 0 2013266
316006400 0 0 2 0 0 0 2013266
316009600 0 0 2 0 0 0 2013266
316012800 0 0 2 0 0 0 2013266
316016000 0 0 2 0 0 0 2013266
316019200 0 0 2 0 0 0 2013266
316022400 0 0 2 0 0 0 2013266
316025600 0 1 2 0 0 0 2013266
316028800 0 1 2 0 0 0 2013266
316032000 0 1 2 0 0 0 2013266
316035200 0 0 2 0 0 0 2013266
316038400 0 1 2 0 0 0 2013266
316041600 0 0 2 0 0 0 2013266
316044800 0 1 2 0 0 0 2013266
316048000 0 1 2 0 0 0 2013266
316051200 0 0 2 0 0 0 2013266
316054400 0 1 2 0 0 0 2013266
316057600 0 0 2 0 0 0 2013266
316060800 0 0 2 0 0 0 2013266
316064000 0 1 2 0 0 0 2013266
316067200 0 1 2 0 0 0 2013266
316070400 0 0 2 0 0 0 2013266
316073600 0 0 2 0 0 0 2013266
316076800 0 0 2 0 0 0 2013266
316080000 0 0 2 0 0 0 2013266
316083200 0 0 2 0 0 0 2013266
316086400 0 0 2 0 0 0 2013266
316089600 0 0 2 0 0 0 2013266
316092800 0 0 2 0 0 0 2013266
316096000 0 0 2 0 0 0 2013266
316099200 0 1 2 0 0 0 2013266
316102400 0 1 2 0 0 0 2013266
325000000 0 0 2 0 0 0 2013266
325003200 0 0 2 0 0 0 2013266
325006400 0 0 2 0 0 0 2013266
325009600 0 0 2 0 0 0 2013266
325012800 0 0 2 0 0 0 2013266
325016000 0 1 2 0 0 0 2013266
325019200 0 0 2 0 0 0 2013266
325022400 0 0 2 0 0 0 2013266
325025600 0 1 2 0 0 0 2013266
325028800 0 1 2 0 0 0 2013266
325032000 0 1 2 0 0 0 2013266
325035200 0 0 2 0 0 0 2013266
325038400 0 0 2 0 0 0 2013266
325041600 0 0 2 0 0 0 2013266
325044800 0 1 2 0 0 0 2013266
325048000 0 0 2 0 0 0 2013266
325051200 0 1 2 0 0 0 2013266
325054400 0 1 2 0 0 0 2013266
325057600 0 0 2 0 0 0 2013266
325060800 0 0 2 0 0 0 2013266
325064000 0 1 2 0 0 0 2013266
325067200 0 1 2 0 0 0 2013266
325070400 0 0 2 0 0 0 2013266
325073600 0 0 2 0 0 0 2013266
325076800 0 1 2 0 0 0 2013266
325080000 0 1 2 0 0 0 2013266
325083200 0 1 2 0 0 0 2013266
325086400 0 1 2 0 0 0 2013266
325089600 0 1 2 0 0 0 2013266
325092800 0 0 2 0 0 0 2013266
325096000 0 0 2 0 0 0 2013266
325099200 0 1 2 0 0 0 2013266
325102400 0 1 2 0 0 0 2013266
336000000 0 0 2 0 0 0 2013266
336003200 0 0 2 0 0 0 2013266
336006400 0 0 2 0 0 0 2013266
336009600 0 0 2 0 0 0 2013266
336012800 0 0 2 0 0 0 2013266
336016000 0 0 2 0 0 0 2013266
336019200 0 0 2 0 0 0 2013266
336022400 0 0 2 0 0 0 2013266
336025600 0 1 2 0 0 0 2013266
336028800 0 1 2 0 0 0 2013266
336032000 0 1 2 0 0 0 2013266
336035200 0 0 2 0 0 0 2013266
336038400 0 0 2 0 0 0 2013266
336041600 0 0 2 0 0 0 2013266
336044800 0 1 2 0 0 0 2013266
336048000 0 0 2 0 0 0 2013266
336051200 0 1 2 0 0 0 2013266
336054400 0 1 2 0 0 0 2013266
336057600 0 0 2 0 0 0 2013266
336060800 0 0 2 0 0 0 2013266
336064000 0 1 2 0 0 0 2013266
336067200 0 1 2 0 0 0 2013266
336070400 0 0 2 0 0 0 2013266
336073600 0 0 2 0 0 0 2013266
336076800 0 0 2 0 0 0 2013266
336080000 0 0 2 0 0 0 2013266
336083200 0 0 2 0 0 0 2013266
336086400 0 0 2 0 0 0 2013266
336089600 0 0 2 0 0 0 2013266
336092800 0 0 2 0 0 0 2013266
336096000 0 0 2 0 0 0 2013266
336099200 0 1 2 0 0 0 2013266
336102400 0 1 2 0 0 0 2013266
345000000 0 0 2 0 0 0 2013266
345003200 0 0 2 0 0 0 2013266
345006400 0 0 2 0 0 0 2013266
345009600 0 0 2 0 0 0 2013266
345012800 0 0 2 0 0 0 2013266
345016000 0 1 2 0 0 0 2013266
345019200 0 0 2 0 0 0 2013266
345022400 0 0 2 0 0 0 2013266
345025600 0 1 2 0 0 0 2013266
345028800 0 1 2 0 0 0 2013266
345032000 0 1 2 0 0 0 2013266
345035200 0 0 2 0 0 0 2013266
345038400 0 1 2 0 0 0 2013266
345041600 0 0 2 0 0 0 2013266
345044800 0 0 2 0 0 0 2013266
345048000 0 1 2 0 0 0 2013266
345051200 0 1 2 0 0 0 2013266
345054400 0 1 2 0 0 0 2013266
345057600 0 0 2 0 0 0 2013266
345060800 0 0 2 0 0 0 2013266
345064000 0 1 2 0 0 0 2013266
345067200 0 1 2 0 0 0 2013266
345070400 0 0 2 0 0 0 2013266
345073600 0 0 2 0 0 0 2013266
345076800 0 1 2 0 0 0 2013266
345080000 0 1 2 0 0 0 2013266
345083200 0 1 2 0 0 0 2013266
345086400 0 0 2 0 0 0 2013266
345089600 0 0 2 0 0 0 2013266
345092800 0 1 2 0 0 0 2013266
345096000 0 0 2 0 0 0 2013266
345099200 0 1 2 0 0 0 2013266
345102400 0 1 2 0 0 0 2013266
356000000 0 0 2 0 0 0 2013266
356003200 0 0 2 0 0 0 2013266
356006400 0 0 2 0 0 0 2013266
356009600 0 0 2 0 0 0 2013266
356012800 0 0 2 0 0 0 2013266
356016000 0 0 2 0 0 0 2013266
356019200 0 0 2 0 0 0 2013266
356022400 0 0 2 0 0 0 2013266
356025600 0 1 2 0 0 0 2013266
356028800 0 1 2 0 0 0 2013266
356032000 0 1 2 0 0 0 2013266
356035200 0 0 2 0 0 0 2013266
356038400 0 1 2 0 0 0 2013266
356041600 0 0 2 0 0 0 2013266
356044800 0 0 2 0 0 0 2013266
356048000 0 1 2 0 0 0 2013266
356051200 0 1 2 0 0 0 2013266
356054400 0 1 2 0 0 0 2013266
356057600 0 0 2 0 0 0 2013266
356060800 0 0 2 0 0 0 2013266
356064000 0 1 2 0 0 0 2013266
356067200 0 1 2 0 0 0 2013266
356070400 0 0 2 0 0 0 2013266
356073600 0 0 2 0 0 0 2013266
356076800 0 0 2 0 0 0 2013266
356080000 0 0 2 0 0 0 2013266
356083200 0 0 2 0 0 0 2013266
356086400 0 0 2 0 0 0 2013266
356089600 0 0 2 0 0 0 2013266
356092800 0 0 2 0 0 0 2013266
356096000 0 0 2 0 0 0 2013266
356099200 0 1 2 0 0 0 2013266
356102400 0 1 2 0 0 0 2013266
365000000 0 0 2 0 0 0 2013266
365003200 0 0 2 0 0 0 2013266
365006400 0 0 2 0 0 0 2013266
365009600 0 0 2 0 0 0 2013266
365012800 0 0 2 0 0 0 2013266
365016000 0 1 2 0 0 0 2013266
365019200 0 0 2 0 0 0 2013266
365022400 0 0 2 0 0 0 2013266
365025600 0 1 2 0 0 0 2013266
365028800 0 1 2 0 0 0 2013266
365032000 0 1 2 0 0 0 2013266
365035200 0 0 2 0 0 0 2013266
365038400 0 0 2 0 0 0 2013266
365041600 0 0 2 0 0 0 2013266
365044800 0 0 2 0 0 0 2013266
365048000 0 0 2 0 0 0 2013266
365051200 0 1 2 0 0 0 2013266
365054400 0 1 2 0 0 0 2013266
365057600 0 0 2 0 0 0 2013266
365060800 0 0 2 0 0 0 2013266
365064000 0 1 2 0 0 0 2013266
365067200 0 1 2 0 0 0 2013266
365070400 0 0 2 0 0 0 2013266
365073600 0 0 2 0 0 0 2013266
365076800 0 0 2 0 0 0 2013266
365080000 0 1 2 0 0 0 2013266
365083200 0 0 2 0 0 0 2013266
365086400 0 0 2 0 0 0 2013266
365089600 0 0 2 0 0 0 2013266
365092800 0 1 2 0 0 0 2013266
365096000 0 0 2 0 0 0 2013266
365099200 0 1 2 0 0 0 2013266
365102400 0 1 2 0 0 0 2013266
376000000 0 0 2 0 0 0 2013266
376003200 0 0 2 0 0 0 2013266
376006400 0 0 2 0 0 0 2013266
376009600 0 0 2 0 0 0 2013266
376012800 0 0 2 0 0 0 2013266
376016000 0 0 2 0 0 0 2013266
376019200 0 0 2 0 0 0 2013266
376022400 0 0 2 0 0 0 2013266
376025600 0 1 2 0 0 0 2013266
376028800 0 1 2 0 0 0 2013266
376032000 0 1 2 0 0 0 2013266
376035200 0 0 2 0 0 0 2013266
376038400 0 0 2 0 0 0 2013266
376041600 0 0 2 0 0 0 2013266
376044800 0 0 2 0 0 0 2013266
376048000 0 0 2 0 0 0 2013266
376051200 0 1 2 0 0 0 2013266
376054400 0 1 2 0 0 0 2013266
376057600 0 0 2 0 0 0 2013266
376060800 0 0 2 0 0 0 2013266
376064000 0 1 2 0 0 0 2013266
376067200 0 1 2 0 0 0 2013266
376070400 0 0 2 0 0 0 2013266
376073600 0 0 2 0 0 0 2013266
376076800 0 0 2 0 0 0 2013266
376080000 0 0 2 0 0 0 2013266
376083200 0 0 2 0 0 0 2013266
376086400 0 0 2 0 0 0 2013266
376089600 0 0 2 0 0 0 2013266
376092800 0 0 2 0 0 0 2013266
376096000 0 0 2 0 0 0 2013266
376099200 0 1 2 0 0 0 2013266
376102400 0 1 2 0 0 0 2013266
385000000 0 0 2 0 0 0 2013266
385003200 0 0 2 0 0 0 2013266
385006400 0 0 2 0 0 0 2013266
385009600 0 0 2 0 0 0 2013266
385012800 0 0 2 0 0 0 2013266
385016000 0 1 2 0 0 0 2013266
385019200 0 0 2 0 0 0 2013266
385022400 0 0 2 0 0 0 2013266
385025600 0 1 2 0 0 0 2013266
385028800 0 1 2 0 0 0 2013266
385032000 0 1 2 0 0 0 2013266
385035200 0 0 2 0 0 0 2013266
385038400 0 1 2 0 0 0 2013266
385041600 0 1 2 0 0 0 2013266
385044800 0 1 2 0 0 0 2013266
385048000 0 0 2 0 0 0 2013266
385051200 0 1 2 0 0 0 2013266
385054400 0 1 2 0 0 0 2013266
385057600 0 0 2 0 0 0 2013266
385060800 0 0 2 0 0 0 2013266
385064000 0 1 2 0 0 0 2013266
385067200 0 1 2 0 0 0 2013266
385070400 0 0 2 0 0 0 2013266
385073600 0 0 2 0 0 0 2013266
385076800 0 0 2 0 0 0 2013266
385080000 0 0 2 0 0 0 2013266
385083200 0 1 2 0 0 0 2013266
385086400 0 1 2 0 0 0 2013266
385089600 0 0 2 0 0 0 2013266
385092800 0 1 2 0 0 0 2013266
385096000 0 0 2 0 0 0 2013266
385099200 0 1 2 0 0 0 2013266
385102400 0 1 2 0 0 0 2013266
403000000 0 0 2 0 0 0 2013266
403003200 0 0 2 0 0 0 2013266
403006400 0 0 2 0 0 0 2013266
403009600 0 0 2 0 0 0 2013266
403012800 0 0 2 0 0 0 2013266
403016000 0 0 2 0 0 0 2013266
403019200 0 0 2 0 0 0 2013266
403022400 0 0 2 0 0 0 2013266
403025600 0 1 2 0 0 0 2013266
403028800 0 1 2 0 0 0 2013266
403032000 0 1 2 0 0 0 2013266
403035200 0 0 2 0 0 0 2013266
403038400 0 1 2 0 0 0 2013266
403041600 0 1 2 0 0 0 2013266
403044800 0 1 2 0 0 0 2013266
403048000 0 0 2 0 0 0 2013266
403051200 0 1 2 0 0 0 2013266
403054400 0 1 2 0 0 0 2013266
403057600 0 0 2 0 0 0 2013266
403060800 0 0 2 0 0 0 2013266
403064000 0 1 2 0 0 0 2013266
403067200 0 1 2 0 0 0 2013266
403070400 0 0 2 0 0 0 2013266
403073600 0 0 2 0 0 0 2013266
403076800 0 0 2 0 0 0 2013266
403080000 0 0 2 0 0 0 2013266
403083200 0 0 2 0 0 0 2013266
403086400 0 0 2 0 0 0 2013266
403089600 0 0 2 0 0 0 2013266
403092800 0 0 2 0 0 0 2013266
403096000 0 0 2 0 0 0 2013266
403099200 0 1 2 0 0 0 2013266
403102400 0 1 2 0 0 0 2013266
403105600 0 0 2 0 0 0 2013266
403108800 0 0 2 0 0 0 2013266
403112000 0 0 2 0 0 0 2013266
403115200 0 0 2 0 0 0 2013266
403118400 0 0 2 0 0 0 2013266
403121600 0 1 2 0 0 0 2013266
403124800 0 0 2 0 0 0 2013266
403128000 0 0 2 0 0 0 2013266
403131200 0 1 2 0 0 0 2013266
403134400 0 1 2 0 0 0 2013266
403137600 0 1 2 0 0 0 2013266
403140800 0 0 2 0 0 0 2013266
403144000 0 1 2 0 0 0 2013266
403147200 0 1 2 0 0 0 2013266
403150400 0 0 2 0 0 0 2013266
403153600 0 0 2 0 0 0 2013266
403156800 0 0 2 0 0 0 2013266
403160000 0 0 2 0 0 0 2013266
403163200 0 1 2 0 0 0 2013266
403166400 0 0 2 0 0 0 2013266
403169600 0 1 2 0 0 0 2013266
403172800 0 1 2 0 0 0 2013266
403176000 0 0 2 0 0 0 2013266
403179200 0 0 2 0 0 0 2013266
403182400 0 1 2 0 0 0 2013266
403185600 0 0 2 0 0 0 2013266
403188800 0 1 2 0 0 0 2013266
403192000 0 1 2 0 0 0 2013266
403195200 0 1 2 0 0 0 2013266
403198400 0 0 2 0 0 0 2013266
403201600 0 0 2 0 0 0 2013266
403204800 0 1 2 0 0 0 2013266
403208000 0 1 2 0 0 0 2013266
403211200 0 0 2 0 0 0 2013266
403214400 0 0 2 0 0 0 2013266
403217600 0 0 2 0 0 0 2013266
403220800 0 0 2 0 0 0 2013266
403224000 0 0 2 0 0 0 2013266
403227200 0 0 2 0 0 0 2013266
403230400 0 0 2 0 0 0 2013266
403233600 0 0 2 0 0 0 2013266
403236800 0 1 2 0 0 0 2013266
403240000 0 1 2 0 0 0 2013266
403243200 0 1 2 0 0 0 2013266
403246400 0 0 2 0 0 0 2013266
403249600 0 1 2 0 0 0 2013266
403252800 0 1 2 0 0 0 2013266
403256000 0 0 2 0 0 0 2013266
403259200 0 0 2 0 0 0 2013266
403262400 0 0 2 0 0 0 2013266
403265600 0 0 2 0 0 0 2013266
403268800 0 1 2 0 0 0 2013266
403272000 0 0 2 0 0 0 2013266
403275200 0 1 2 0 0 0 2013266
403278400 0 1 2 0 0 0 2013266
403281600 0 0 2 0 0 0 2013266
403284800 0 0 2 0 0 0 2013266
403288000 0 0 2 0 0 0 2013266
403291200 0 0 2 0 0 0 2013266
403294400 0 0 2 0 0 0 2013266
403297600 0 0 2 0 0 0 2013266
403300800 0 0 2 0 0 0 2013266
403304000 0 0 2 0 0 0 2013266
403307200 0 0 2 0 0 0 2013266
403310400 0 1 2 0 0 0 2013266
403313600 0 1 2 0 0 0 2013266
405000000 0 0 2 0 0 0 2013266
405003200 0 0 2 0 0 0 2013266
405006400 0 0 2 0 0 0 2013266
405009600 0 0 2 0 0 0 2013266
405012800 0 0 2 0 0 0 2013266
405016000 0 1 2 0 0 0 2013266
405019200 0 0 2 0 0 0 2013266
405022400 0 0 2 0 0 0 2013266
405025600 0 1 2 0 0 0 2013266
405028800 0 1 2 0 0 0 2013266
405032000 0 1 2 0 0 0 2013266
405035200 0 0 2 0 0 0 2013266
405038400 0 1 2 0 0 0 2013266
405041600 0 0 2 0 0 0 2013266
405044800 0 1 2 0 0 0 2013266
405048000 0 1 2 0 0 0 2013266
405051200 0 0 2 0 0 0 2013266
405054400 0 1 2 0 0 0 2013266
405057600 0 0 2 0 0 0 2013266
405060800 0 0 2 0 0 0 2013266
405064000 0 1 2 0 0 0 2013266
405067200 0 1 2 0 0 0 2013266
405070400 0 0 2 0 0 0 2013266
405073600 0 0 2 0 0 0 2013266
405076800 0 0 2 0 0 0 2013266
405080000 0 0 2 0 0 0 2013266
405083200 0 0 2 0 0 0 2013266
405086400 0 0 2 0 0 0 2013266
405089600 0 1 2 0 0 0 2013266
405092800 0 1 2 0 0 0 2013266
405096000 0 0 2 0 0 0 2013266
405099200 0 1 2 0 0 0 2013266
405102400 0 1 2 0 0 0 2013266
416000000 0 0 2 0 0 0 2013266
416003200 0 0 2 0 0 0 2013266
416006400 0 0 2 0 0 0 2013266
416009600 0 0 2 0 0 0 2013266
416012800 0 0 2 0 0 0 2013266
416016000 0 0 2 0 0 0 2013266
416019200 0 0 2 0 0 0 2013266
416022400 0 0 2 0 0 0 2013266
416025600 0 1 2 0 0 0 2013266
416028800 0 1 2 0 0 0 2013266
416032000 0 1 2 0 0 0 2013266
416035200 0 0 2 0 0 0 2013266
416038400 0 1 2 0 0 0 2013266
416041600 0 0 2 0 0 0 2013266
416044800 0 1 2 0 0 0 2013266
416048000 0 1 2 0 0 0 2013266
416051200 0 0 2 0 0 0 2013266
416054400 0 1 2 0 0 0 2013266
416057600 0 0 2 0 0 0 2013266
416060800 0 0 2 0 0 0 2013266
416064000 0 1 2 0 0 0 2013266
416067200 0 1 2 0 0 0 2013266
416070400 0 0 2 0 0 0 2013266
416073600 0 0 2 0 0 0 2013266
416076800 0 0 2 0 0 0 2013266
416080000 0 0 2 0 0 0 2013266
416083200 0 0 2 0 0 0 2013266
416086400 0 0 2 0 0 0 2013266
416089600 0 0 2 0 0 0 2013266
416092800 0 0 2 0 0 0 2013266
416096000 0 0 2 0 0 0 2013266
416099200 0 1 2 0 0 0 2013266
416102400 0 1 2 0 0 0 2013266
425000000 0 0 2 0 0 0 2013266
425003200 0 0 2 0 0 0 2013266
425006400 0 0 2 0 0 0 2013266
425009600 0 0 2 0 0 0 2013266
425012800 0 0 2 0 0 0 2013266
425016000 0 1 2 0 0 0 2013266
425019200 0 0 2 0 0 0 2013266
425022400 0 0 2 0 0 0 2013266
425025600 0 1 2 0 0 0 2013266
425028800 0 1 2 0 0 0 2013266
425032000 0 1 2 0 0 0 2013266
425035200 0 0 2 0 0 0 2013266
425038400 0 0 2 0 0 0 2013266
425041600 0 0 2 0 0 0 2013266
425044800 0 1 2 0 0 0 2013266
425048000 0 0 2 0 0 0 2013266
425051200 0 1 2 0 0 0 2013266
425054400 0 1 2 0 0 0 2013266
425057600 0 0 2 0 0 0 2013266
425060800 0 0 2 0 0 0 2013266
425064000 0 1 2 0 0 0 2013266
425067200 0 1 2 0 0 0 2013266
425070400 0 0 2 0 0 0 2013266
425073600 0 0 2 0 0 0 2013266
425076800 0 1 2 0 0 0 2013266
425080000 0 1 2 0 0 0 2013266
425083200 0 1 2 0 0 0 2013266
425086400 0 1 2 0 0 0 2013266
425089600 0 1 2 0 0 0 2013266
425092800 0 0 2 0 0 0 2013266
425096000 0 0 2 0 0 0 2013266
425099200 0 1 2 0 0 0 2013266
425102400 0 1 2 0 0 0 2013266
436000000 0 0 2 0 0 0 2013266
436003200 0 0 2 0 0 0 2013266
436006400 0 0 2 0 0 0 2013266
436009600 0 0 2 0 0 0 2013266
436012800 0 0 2 0 0 0 2013266
436016000 0 0 2 0 0 0 2013266
436019200 0 0 2 0 0 0 2013266
436022400 0 0 2 0 0 0 2013266
436025600 0 1 2 0 0 0 2013266
436028800 0 1 2 0 0 0 2013266
436032000 0 1 2 0 0 0 2013266
436035200 0 0 2 0 0 0 2013266
436038400 0 0 2 0 0 0 2013266
436041600 0 0 2 0 0 0 2013266
436044800 0 1 2 0 0 0 2013266
436048000 0 0 2 0 0 0 2013266
436051200 0 1 2 0 0 0 2013266
436054400 0 1 2 0 0 0 2013266
436057600 0 0 2 0 0 0 2013266
436060800 0 0 2 0 0 0 2013266
436064000 0 1 2 0 0 0 2013266
436067200 0 1 2 0 0 0 2013266
436070400 0 0 2 0 0 0 2013266
436073600 0 0 2 0 0 0 2013266
436076800 0 0 2 0 0 0 2013266
436080000 0 0 2 0 0 0 2013266
436083200 0 0 2 0 0 0 2013266
436086400 0 0 2 0 0 0 2013266
436089600 0 0 2 0 0 0 2013266
436092800 0 0 2 0 0 0 2013266
436096000 0 0 2 0 0 0 2013266
436099200 0 1 2 0 0 0 2013266
436102400 0 1 2 0 0 0 2013266
445000000 0 0 2 0 0 0 2013266
445003200 0 0 2 0 0 0 2013266
445006400 0 0 2 0 0 0 2013266
445009600 0 0 2 0 0 0 2013266
445012800 0 0 2 0 0 0 2013266
445016000 0 1 2 0 0 0 2013266
445019200 0 0 2 0 0 0 2013266
445022400 0 0 2 0 0 0 2013266
445025600 0 1 2 0 0 0 2013266
445028800 0 1 2 0 0 0 2013266
445032000 0 1 2 0 0 0 2013266
445035200 0 0 2 0 0 0 2013266
445038400 0 0 2 0 0 0 2013266
445041600 0 0 2 0 0 0 2013266
445044800 0 0 2 0 0 0 2013266
445048000 0 0 2 0 0 0 2013266
445051200 0 1 2 0 0 0 2013266
445054400 0 1 2 0 0 0 2013266
445057600 0 0 2 0 0 0 2013266
445060800 0 0 2 0 0 0 2013266
445064000 0 1 2 0 0 0 2013266
445067200 0 1 2 0 0 0 2013266
445070400 0 0 2 0 0 0 2013266
445073600 0 0 2 0 0 0 2013266
445076800 0 1 2 0 0 0 2013266
445080000 0 1 2 0 0 0 2013266
445083200 0 1 2 0 0 0 2013266
445086400 0 0 2 0 0 0 2013266
445089600 0 0 2 0 0 0 2013266
445092800 0 1 2 0 0 0 2013266
445096000 0 0 2 0 0 0 2013266
445099200 0 1 2 0 0 0 2013266
445102400 0 1 2 0 0 0 2013266
456000000 0 0 2 0 0 0 2013266
456003200 0 0 2 0 0 0 2013266
456006400 0 0 2 0 0 0 2013266
456009600 0 0 2 0 0 0 2013266
456012800 0 0 2 0 0 0 2013266
456016000 0 0 2 0 0 0 2013266
456019200 0 0 2 0 0 0 2013266
456022400 0 0 2 0 0 0 2013266
456025600 0 1 2 0 0 0 2013266
456028800 0 1 2 0 0 0 2013266
456032000 0 1 2 0 0 0 2013266
456035200 0 0 2 0 0 0 2013266
456038400 0 0 2 0 0 0 2013266
456041600 0 0 2 0 0 0 2013266
456044800 0 0 2 0 0 0 2013266
456048000 0 0 2 0 0 0 2013266
456051200 0 1 2 0 0 0 2013266
456054400 0 1 2 0 0 0 2013266
456057600 0 0 2 0 0 0 2013266
456060800 0 0 2 0 0 0 2013266
456064000 0 1 2 0 0 0 2013266
456067200 0 1 2 0 0 0 2013266
456070400 0 0 2 0 0 0 2013266
456073600 0 0 2 0 0 0 2013266
456076800 0 0 2 0 0 0 2013266
456080000 0 0 2 0 0 0 2013266
456083200 0 0 2 0 0 0 2013266
456086400 0 0 2 0 0 0 2013266
456089600 0 0 2 0 0 0 2013266
456092800 0 0 2 0 0 0 2013266
456096000 0 0 2 0 0 0 2013266
456099200 0 1 2 0 0 0 2013266
456102400 0 1 2 0 0 0 2013266
465000000 0 0 2 0 0 0 2013266
465003200 0 0 2 0 0 0 2013266
465006400 0 0 2 0 0 0 2013266
465009600 0 0 2 0 0 0 2013266
465012800 0 0 2 0 0 0 2013266
465016000 0 1 2 0 0 0 2013266
465019200 0 0 2 0 0 0 2013266
465022400 0 0 2 0 0 0 2013266
465025600 0 1 2 0 0 0 2013266
465028800 0 1 2 0 0 0 2013266
465032000 0 1 2 0 0 0 2013266
465035200 0 0 2 0 0 0 2013266
465038400 0 1 2 0 0 0 2013266
465041600 0 1 2 0 0 0 2013266
465044800 0 1 2 0 0 0 2013266
465048000 0 0 2 0 0 0 2013266
465051200 0 1 2 0 0 0 2013266
465054400 0 1 2 0 0 0 2013266
465057600 0 0 2 0 0 0 2013266
465060800 0 0 2 0 0 0 2013266
465064000 0 1 2 0 0 0 2013266
465067200 0 1 2 0 0 0 2013266
465070400 0 0 2 0 0 0 2013266
465073600 0 0 2 0 0 0 2013266
465076800 0 0 2 0 0 0 2013266
465080000 0 1 2 0 0 0 2013266
465083200 0 0 2 0 0 0 2013266
465086400 0 0 2 0 0 0 2013266
465089600 0 0 2 0 0 0 2013266
465092800 0 1 2 0 0 0 2013266
465096000 0 0 2 0 0 0 2013266
465099200 0 1 2 0 0 0 2013266
465102400 0 1 2 0 0 0 2013266
476000000 0 0 2 0 0 0 2013266
476003200 0 0 2 0 0 0 2013266
476006400 0 0 2 0 0 0 2013266
476009600 0 0 2 0 0 0 2013266
476012800 0 0 2 0 0 0 2013266
476016000 0 0 2 0 0 0 2013266
476019200 0 0 2 0 0 0 2013266
476022400 0 0 2 0 0 0 2013266
476025600 0 1 2 0 0 0 2013266
476028800 0 1 2 0 0 0 2013266
476032000 0 1 2 0 0 0 2013266
476035200 0 0 2 0 0 0 2013266
476038400 0 1 2 0 0 0 2013266
476041600 0 1 2 0 0 0 2013266
476044800 0 1 2 0 0 0 2013266
476048000 0 0 2 0 0 0 2013266
476051200 0 1 2 0 0 0 2013266
476054400 0 1 2 0 0 0 2013266
476057600 0 0 2 0 0 0 2013266
476060800 0 0 2 0 0 0 2013266
476064000 0 1 2 0 0 0 2013266
476067200 0 1 2 0 0 0 2013266
476070400 0 0 2 0 0 0 2013266
476073600 0 0 2 0 0 0 2013266
476076800 0 0 2 0 0 0 2013266
476080000 0 0 2 0 0 0 2013266
476083200 0 0 2 0 0 0 2013266
476086400 0 0 2 0 0 0 2013266
476089600 0 0 2 0 0 0 2013266
476092800 0 0 2 0 0 0 2013266
476096000 0 0 2 0 0 0 2013266
476099200 0 1 2 0 0 0 2013266
476102400 0 1 2 0 0 0 2013266
485000000 0 0 2 0 0 0 2013266
485003200 0 0 2 0 0 0 2013266
485006400 0 0 2 0 0 0 2013266
485009600 0 0 2 0 0 0 2013266
485012800 0 0 2 0 0 0 2013266
485016000 0 1 2 0 0 0 2013266
485019200 0 0 2 0 0 0 2013266
485022400 0 0 2 0 0 0 2013266
485025600 0 1 2 0 0 0 2013266
485028800 0 1 2 0 0 0 2013266
485032000 0 1 2 0 0 0 2013266
485035200 0 0 2 0 0 0 2013266
485038400 0 0 2 0 0 0 2013266
485041600 0 1 2 0 0 0 2013266
485044800 0 0 2 0 0 0 2013266
485048000 0 0 2 0 0 0 2013266
485051200 0 1 2 0 0 0 2013266
485054400 0 1 2 0 0 0 2013266
485057600 0 0 2 0 0 0 2013266
485060800 0 0 2 0 0 0 2013266
485064000 0 1 2 0 0 0 2013266
485067200 0 1 2 0 0 0 2013266
485070400 0 0 2 0 0 0 2013266
485073600 0 0 2 0 0 0 2013266
485076800 0 0 2 0 0 0 2013266
485080000 0 0 2 0 0 0 2013266
485083200 0 1 2 0 0 0 2013266
485086400 0 1 2 0 0 0 2013266
485089600 0 0 2 0 0 0 2013266
485092800 0 1 2 0 0 0 2013266
485096000 0 0 2 0 0 0 2013266
485099200 0 1 2 0 0 0 2013266
485102400 0 1 2 0 0 0 2013266
502000000 0 1 2 0 1 3 293601
502000002 0 1 2 0 0 3 293601
502400000 0 1 2 0 1 0 2600468
502400002 0 1 2 0 0 0 2600468
503000000 0 0 2 0 0 0 2600468
503003200 0 0 2 0 0 0 2600468
503006400 0 0 2 0 0 0 2600468
503009600 0 0 2 0 0 0 2600468
503012800 0 0 2 0 0 0 2600468
503016000 0 0 2 0 0 0 2600468
503019200 0 0 2 0 0 0 2600468
503022400 0 0 2 0 0 0 2600468
503025600 0 1 2 0 0 0 2600468
503028800 0 1 2 0 0 0 2600468
503032000 0 1 2 0 0 0 2600468
503035200 0 0 2 0 0 0 2600468
503038400 0 0 2 0 0 0 2600468
503041600 0 1 2 0 0 0 2600468
503044800 0 0 2 0 0 0 2600468
503048000 0 0 2 0 0 0 2600468
503051200 0 1 2 0 0 0 2600468
503054400 0 1 2 0 0 0 2600468
503057600 0 0 2 0 0 0 2600468
503060800 0 0 2 0 0 0 2600468
503064000 0 1 2 0 0 0 2600468
503067200 0 1 2 0 0 0 2600468
503070400 0 0 2 0 0 0 2600468
503073600 0 0 2 0 0 0 2600468
503076800 0 0 2 0 0 0 2600468
503080000 0 0 2 0 0 0 2600468
503083200 0 0 2 0 0 0 2600468
503086400 0 0 2 0 0 0 2600468
503089600 0 0 2 0 0 0 2600468
503092800 0 0 2 0 0 0 2600468
503096000 0 0 2 0 0 0 2600468
503099200 0 1 2 0 0 0 2600468
503102400 0 1 2 0 0 0 2600468
503105600 0 0 2 0 0 0 2600468
503108800 0 0 2 0 0 0 2600468
503112000 0 0 2 0 0 0 2600468
503115200 0 0 2 0 0 0 2600468
503118400 0 0 2 0 0 0 2600468
503121600 0 1 2 0 0 0 2600468
503124800 0 0 2 0 0 0 2600468
503128000 0 0 2 0 0 0 2600468
503131200 0 1 2 0 0 0 2600468
503134400 0 1 2 0 0 0 2600468
503137600 0 1 2 0 0 0 2600468
503140800 0 0 2 0 0 0 2600468
503144000 0 0 2 0 0 0 2600468
503147200 0 1 2 0 0 0 2600468
503150400 0 1 2 0 0 0 2600468
503153600 0 1 2 0 0 0 2600468
503156800 0 1 2 0 0 0 2600468
503160000 0 1 2 0 0 0 2600468
503163200 0 0 2 0 0 0 2600468
503166400 0 0 2 0 0 0 2600468
503169600 0 1 2 0 0 0 2600468
503172800 0 1 2 0 0 0 2600468
503176000 0 0 2 0 0 0 2600468
503179200 0 0 2 0 0 0 2600468
503182400 0 1 2 0 0 0 2600468
503185600 0 0 2 0 0 0 2600468
503188800 0 1 2 0 0 0 2600468
503192000 0 1 2 0 0 0 2600468
503195200 0 1 2 0 0 0 2600468
503198400 0 0 2 0 0 0 2600468
503201600 0 0 2 0 0 0 2600468
503204800 0 1 2 0 0 0 2600468
503208000 0 1 2 0 0 0 2600468
503211200 0 0 2 0 0 0 2600468
503214400 0 0 2 0 0 0 2600468
503217600 0 0 2 0 0 0 2600468
503220800 0 0 2 0 0 0 2600468
503224000 0 0 2 0 0 0 2600468
503227200 0 0 2 0 0 0 2600468
503230400 0 0 2 0 0 0 2600468
503233600 0 0 2 0 0 0 2600468
503236800 0 1 2 0 0 0 2600468
503240000 0 1 2 0 0 0 2600468
503243200 0 1 2 0 0 0 2600468
503246400 0 0 2 0 0 0 2600468
503249600 0 0 2 0 0 0 2600468
503252800 0 1 2 0 0 0 2600468
503256000 0 1 2 0 0 0 2600468
503259200 0 1 2 0 0 0 2600468
503262400 0 1 2 0 0 0 2600468
503265600 0 1 2 0 0 0 2600468
503268800 0 0 2 0 0 0 2600468
503272000 0 0 2 0 0 0 2600468
503275200 0 1 2 0 0 0 2600468
503278400 0 1 2 0 0 0 2600468
503281600 0 0 2 0 0 0 2600468
503284800 0 0 2 0 0 0 2600468
503288000 0 0 2 0 0 0 2600468
503291200 0 0 2 0 0 0 2600468
503294400 0 0 2 0 0 0 2600468
503297600 0 0 2 0 0 0 2600468
503300800 0 0 2 0 0 0 2600468
503304000 0 0 2 0 0 0 2600468
503307200 0 0 2 0 0 0 2600468
503310400 0 1 2 0 0 0 2600468
503313600 0 1 2 0 0 0 2600468
505000000 0 0 2 0 0 0 2600468
505003200 0 0 2 0 0 0 2600468
505006400 0 0 2 0 0 0 2600468
505009600 0 0 2 0 0 0 2600468
505012800 0 0 2 0 0 0 2600468
505016000 0 1 2 0 0 0 2600468
505019200 0 0 2 0 0 0 2600468
505022400 0 0 2 0 0 0 2600468
505025600 0 1 2 0 0 0 2600468
505028800 0 1 2 0 0 0 2600468
505032000 0 1 2 0 0 0 2600468
505035200 0 0 2 0 0 0 2600468
505038400 0 1 2 0 0 0 2600468
505041600 0 0 2 0 0 0 2600468
505044800 0 1 2 0 0 0 2600468
505048000 0 1 2 0 0 0 2600468
505051200 0 0 2 0 0 0 2600468
505054400 0 1 2 0 0 0 2600468
505057600 0 0 2 0 0 0 2600468
505060800 0 0 2 0 0 0 2600468
505064000 0 1 2 0 0 0 2600468
505067200 0 1 2 0 0 0 2600468
505070400 0 0 2 0 0 0 2600468
505073600 0 0 2 0 0 0 2600468
505076800 0 0 2 0 0 0 2600468
505080000 0 0 2 0 0 0 2600468
505083200 0 0 2 0 0 0 2600468
505086400 0 0 2 0 0 0 2600468
505089600 0 1 2 0 0 0 2600468
505092800 0 1 2 0 0 0 2600468
505096000 0 0 2 0 0 0 2600468
505099200 0 1 2 0 0 0 2600468
505102400 0 1 2 0 0 0 2600468
516000000 0 0 2 0 0 0 2600468
516003200 0 0 2 0 0 0 2600468
516006400 0 0 2 0 0 0 2600468
516009600 0 0 2 0 0 0 2600468
516012800 0 0 2 0 0 0 2600468
516016000 0 0 2 0 0 0 2600468
516019200 0 0 2 0 0 0 2600468
516022400 0 0 2 0 0 0 2600468
516025600 0 1 2 0 0 0 2600468
516028800 0 1 2 0 0 0 2600468
516032000 0 1 2 0 0 0 2600468
516035200 0 0 2 0 0 0 2600468
516038400 0 1 2 0 0 0 2600468
516041600 0 0 2 0 0 0 2600468
516044800 0 1 2 0 0 0 2600468
516048000 0 1 2 0 0 0 2600468
516051200 0 0 2 0 0 0 2600468
516054400 0 1 2 0 0 0 2600468
516057600 0 0 2 0 0 0 2600468
516060800 0 0 2 0 0 0 2600468
516064000 0 1 2 0 0 0 2600468
516067200 0 1 2 0 0 0 2600468
516070400 0 0 2 0 0 0 2600468
516073600 0 0 2 0 0 0 2600468
516076800 0 0 2 0 0 0 2600468
516080000 0 0 2 0 0 0 2600468
516083200 0 0 2 0 0 0 2600468
516086400 0 0 2 0 0 0 2600468
516089600 0 0 2 0 0 0 2600468
516092800 0 0 2 0 0 0 2600468
516096000 0 0 2 0 0 0 2600468
516099200 0 1 2 0 0 0 2600468
516102400 0 1 2 0 0 0 2600468
516105600 0 0 2 0 0 0 2600468
516108800 0 0 2 0 0 0 2600468
516112000 0 0 2 0 0 0 2600468
516115200 0 0 2 0 0 0 2600468
516118400 0 0 2 0 0 0 2600468
516121600 0 1 2 0 0 0 2600468
516124800 0 0 2 0 0 0 2600468
516128000 0 0 2 0 0 0 2600468
516131200 0 1 2 0 0 0 2600468
516134400 0 1 2 0 0 0 2600468
516137600 0 1 2 0 0 0 2600468
516140800 0 0 2 0 0 0 2600468
516144000 0 0 2 0 0 0 2600468
516147200 0 0 2 0 0 0 2600468
516150400 0 1 2 0 0 0 2600468
516153600 0 1 2 0 0 0 2600468
516156800 0 1 2 0 0 0 2600468
516160000 0 1 2 0 0 0 2600468
516163200 0 0 2 0 0 0 2600468
516166400 0 0 2 0 0 0 2600468
516169600 0 1 2 0 0 0 2600468
516172800 0 1 2 0 0 0 2600468
516176000 0 0 2 0 0 0 2600468
516179200 0 0 2 0 0 0 2600468
516182400 0 1 2 0 0 0 2600468
516185600 0 1 2 0 0 0 2600468
516188800 0 1 2 0 0 0 2600468
516192000 0 0 2 0 0 0 2600468
516195200 0 0 2 0 0 0 2600468
516198400 0 1 2 0 0 0 2600468
516201600 0 0 2 0 0 0 2600468
516204800 0 1 2 0 0 0 2600468
516208000 0 1 2 0 0 0 2600468
534000000 0 0 2 0 0 0 2600468
534003200 0 0 2 0 0 0 2600468
534006400 0 0 2 0 0 0 2600468
534009600 0 0 2 0 0 0 2600468
534012800 0 0 2 0 0 0 2600468
534016000 0 0 2 0 0 0 2600468
534019200 0 0 2 0 0 0 2600468
534022400 0 0 2 0 0 0 2600468
534025600 0 1 2 0 0 0 2600468
534028800 0 1 2 0 0 0 2600468
534032000 0 1 2 0 0 0 2600468
534035200 0 0 2 0 0 0 2600468
534038400 0 0 2 0 0 0 2600468
534041600 0 0 2 0 0 0 2600468
534044800 0 1 2 0 0 0 2600468
534048000 0 1 2 0 0 0 2600468
534051200 0 1 2 0 0 0 2600468
534054400 0 1 2 0 0 0 2600468
534057600 0 0 2 0 0 0 2600468
534060800 0 0 2 0 0 0 2600468
534064000 0 1 2 0 0 0 2600468
534067200 0 1 2 0 0 0 2600468
534070400 0 0 2 0 0 0 2600468
534073600 0 0 2 0 0 0 2600468
534076800 0 0 2 0 0 0 2600468
534080000 0 0 2 0 0 0 2600468
534083200 0 0 2 0 0 0 2600468
534086400 0 0 2 0 0 0 2600468
534089600 0 0 2 0 0 0 2600468
534092800 0 0 2 0 0 0 2600468
534096000 0 0 2 0 0 0 2600468
534099200 0 1 2 0 0 0 2600468
534102400 0 1 2 0 0 0 2600468
534105600 0 0 2 0 0 0 2600468
534108800 0 0 2 0 0 0 2600468
534112000 0 0 2 0 0 0 2600468
534115200 0 0 2 0 0 0 2600468
534118400 0 0 2 0 0 0 2600468
534121600 0 1 2 0 0 0 2600468
534124800 0 0 2 0 0 0 2600468
534128000 0 0 2 0 0 0 2600468
534131200 0 1 2 0 0 0 2600468
534134400 0 1 2 0 0 0 2600468
534137600 0 1 2 0 0 0 2600468
534140800 0 0 2 0 0 0 2600468
534144000 0 0 2 0 0 0 2600468
534147200 0 0 2 0 0 0 2600468
534150400 0 1 2 0 0 0 2600468
534153600 0 0 2 0 0 0 2600468
534156800 0 1 2 0 0 0 2600468
534160000 0 1 2 0 0 0 2600468
534163200 0 0 2 0 0 0 2600468
534166400 0 0 2 0 0 0 2600468
534169600 0 1 2 0 0 0 2600468
534172800 0 1 2 0 0 0 2600468
534176000 0 0 2 0 0 0 2600468
534179200 0 0 2 0 0 0 2600468
534182400 0 1 2 0 0 0 2600468
534185600 0 1 2 0 0 0 2600468
534188800 0 1 2 0 0 0 2600468
534192000 0 1 2 0 0 0 2600468
534195200 0 1 2 0 0 0 2600468
534198400 0 0 2 0 0 0 2600468
534201600 0 0 2 0 0 0 2600468
534204800 0 1 2 0 0 0 2600468
534208000 0 1 2 0 0 0 2600468
536000000 0 0 2 0 0 0 2600468
536003200 0 0 2 0 0 0 2600468
536006400 0 0 2 0 0 0 2600468
536009600 0 0 2 0 0 0 2600468
536012800 0 0 2 0 0 0 2600468
536016000 0 0 2 0 0 0 2600468
536019200 0 0 2 0 0 0 2600468
536022400 0 0 2 0 0 0 2600468
536025600 0 1 2 0 0 0 2600468
536028800 0 1 2 0 0 0 2600468
536032000 0 1 2 0 0 0 2600468
536035200 0 0 2 0 0 0 2600468
536038400 0 0 2 0 0 0 2600468
536041600 0 0 2 0 0 0 2600468
536044800 0 1 2 0 0 0 2600468
536048000 0 0 2 0 0 0 2600468
536051200 0 1 2 0 0 0 2600468
536054400 0 1 2 0 0 0 2600468
536057600 0 0 2 0 0 0 2600468
536060800 0 0 2 0 0 0 2600468
536064000 0 1 2 0 0 0 2600468
536067200 0 1 2 0 0 0 2600468
536070400 0 0 2 0 0 0 2600468
536073600 0 0 2 0 0 0 2600468
536076800 0 0 2 0 0 0 2600468
536080000 0 0 2 0 0 0 2600468
536083200 0 0 2 0 0 0 2600468
536086400 0 0 2 0 0 0 2600468
536089600 0 0 2 0 0 0 2600468
536092800 0 0 2 0 0 0 2600468
536096000 0 0 2 0 0 0 2600468
536099200 0 1 2 0 0 0 2600468
536102400 0 1 2 0 0 0 2600468
545000000 0 0 2 0 0 0 2600468
545003200 0 0 2 0 0 0 2600468
545006400 0 0 2 0 0 0 2600468
545009600 0 0 2 0 0 0 2600468
545012800 0 0 2 0 0 0 2600468
545016000 0 1 2 0 0 0 2600468
545019200 0 0 2 0 0 0 2600468
545022400 0 0 2 0 0 0 2600468
545025600 0 1 2 0 0 0 2600468
545028800 0 1 2 0 0 0 2600468
545032000 0 1 2 0 0 0 2600468
545035200 0 0 2 0 0 0 2600468
545038400 0 1 2 0 0 0 2600468
545041600 0 0 2 0 0 0 2600468
545044800 0 0 2 0 0 0 2600468
545048000 0 1 2 0 0 0 2600468
545051200 0 1 2 0 0 0 2600468
545054400 0 1 2 0 0 0 2600468
545057600 0 0 2 0 0 0 2600468
545060800 0 0 2 0 0 0 2600468
545064000 0 1 2 0 0 0 2600468
545067200 0 1 2 0 0 0 2600468
545070400 0 0 2 0 0 0 2600468
545073600 0 0 2 0 0 0 2600468
545076800 0 1 2 0 0 0 2600468
545080000 0 1 2 0 0 0 2600468
545083200 0 1 2 0 0 0 2600468
545086400 0 0 2 0 0 0 2600468
545089600 0 0 2 0 0 0 2600468
545092800 0 1 2 0 0 0 2600468
545096000 0 0 2 0 0 0 2600468
545099200 0 1 2 0 0 0 2600468
545102400 0 1 2 0 0 0 2600468
556000000 0 0 2 0 0 0 2600468
556003200 0 0 2 0 0 0 2600468
556006400 0 0 2 0 0 0 2600468
556009600 0 0 2 0 0 0 2600468
556012800 0 0 2 0 0 0 2600468
556016000 0 0 2 0 0 0 2600468
556019200 0 0 2 0 0 0 2600468
556022400 0 0 2 0 0 0 2600468
556025600 0 1 2 0 0 0 2600468
556028800 0 1 2 0 0 0 2600468
556032000 0 1 2 0 0 0 2600468
556035200 0 0 2 0 0 0 2600468
556038400 0 1 2 0 0 0 2600468
556041600 0 0 2 0 0 0 2600468
556044800 0 0 2 0 0 0 2600468
556048000 0 1 2 0 0 0 2600468
556051200 0 1 2 0 0 0 2600468
556054400 0 1 2 0 0 0 2600468
556057600 0 0 2 0 0 0 2600468
556060800 0 0 2 0 0 0 2600468
556064000 0 1 2 0 0 0 2600468
556067200 0 1 2 0 0 0 2600468
556070400 0 0 2 0 0 0 2600468
556073600 0 0 2 0 0 0 2600468
556076800 0 0 2 0 0 0 2600468
556080000 0 0 2 0 0 0 2600468
556083200 0 0 2 0 0 0 2600468
556086400 0 0 2 0 0 0 2600468
556089600 0 0 2 0 0 0 2600468
556092800 0 0 2 0 0 0 2600468
556096000 0 0 2 0 0 0 2600468
556099200 0 1 2 0 0 0 2600468
556102400 0 1 2 0 0 0 2600468
556105600 0 0 2 0 0 0 2600468
556108800 0 0 2 0 0 0 2600468
556112000 0 0 2 0 0 0 2600468
556115200 0 0 2 0 0 0 2600468
556118400 0 0 2 0 0 0 2600468
556121600 0 1 2 0 0 0 2600468
556124800 0 0 2 0 0 0 2600468
556128000 0 0 2 0 0 0 2600468
556131200 0 1 2 0 0 0 2600468
556134400 0 1 2 0 0 0 2600468
556137600 0 1 2 0 0 0 2600468
556140800 0 0 2 0 0 0 2600468
556144000 0 0 2 0 0 0 2600468
556147200 0 1 2 0 0 0 2600468
556150400 0 1 2 0 0 0 2600468
556153600 0 1 2 0 0 0 2600468
556156800 0 1 2 0 0 0 2600468
556160000 0 1 2 0 0 0 2600468
556163200 0 0 2 0 0 0 2600468
556166400 0 0 2 0 0 0 2600468
556169600 0 1 2 0 0 0 2600468
556172800 0 1 2 0 0 0 2600468
556176000 0 0 2 0 0 0 2600468
556179200 0 0 2 0 0 0 2600468
556182400 0 0 2 0 0 0 2600468
556185600 0 1 2 0 0 0 2600468
556188800 0 0 2 0 0 0 2600468
556192000 0 1 2 0 0 0 2600468
556195200 0 0 2 0 0 0 2600468
556198400 0 1 2 0 0 0 2600468
556201600 0 0 2 0 0 0 2600468
556204800 0 1 2 0 0 0 2600468
556208000 0 1 2 0 0 0 2600468
581000000 0 0 2 0 0 0 2600468
581003200 0 0 2 0 0 0 2600468
581006400 0 0 2 0 0 0 2600468
581009600 0 0 2 0 0 0 2600468
581012800 0 0 2 0 0 0 2600468
581016000 0 0 2 0 0 0 2600468
581019200 0 0 2 0 0 0 2600468
581022400 0 0 2 0 0 0 2600468
581025600 0 1 2 0 0 0 2600468
581028800 0 1 2 0 0 0 2600468
581032000 0 1 2 0 0 0 2600468
581035200 0 0 2 0 0 0 2600468
581038400 0 0 2 0 0 0 2600468
581041600 0 1 2 0 0 0 2600468
581044800 0 1 2 0 0 0 2600468
581048000 0 1 2 0 0 0 2600468
581051200 0 1 2 0 0 0 2600468
581054400 0 1 2 0 0 0 2600468
581057600 0 0 2 0 0 0 2600468
581060800 0 0 2 0 0 0 2600468
581064000 0 1 2 0 0 0 2600468
581067200 0 1 2 0 0 0 2600468
581070400 0 0 2 0 0 0 2600468
581073600 0 0 2 0 0 0 2600468
581076800 0 0 2 0 0 0 2600468
581080000 0 0 2 0 0 0 2600468
581083200 0 0 2 0 0 0 2600468
581086400 0 0 2 0 0 0 2600468
581089600 0 0 2 0 0 0 2600468
581092800 0 0 2 0 0 0 2600468
581096000 0 0 2 0 0 0 2600468
581099200 0 1 2 0 0 0 2600468
581102400 0 1 2 0 0 0 2600468
581105600 0 0 2 0 0 0 2600468
581108800 0 0 2 0 0 0 2600468
581112000 0 0 2 0 0 0 2600468
581115200 0 0 2 0 0 0 2600468
581118400 0 0 2 0 0 0 2600468
581121600 0 1 2 0 0 0 2600468
581124800 0 0 2 0 0 0 2600468
581128000 0 0 2 0 0 0 2600468
581131200 0 1 2 0 0 0 2600468
581134400 0 1 2 0 0 0 2600468
581137600 0 1 2 0 0 0 2600468
581140800 0 0 2 0 0 0 2600468
581144000 0 0 2 0 0 0 2600468
581147200 0 0 2 0 0 0 2600468
581150400 0 0 2 0 0 0 2600468
581153600 0 0 2 0 0 0 2600468
581156800 0 1 2 0 0 0 2600468
581160000 0 1 2 0 0 0 2600468
581163200 0 0 2 0 0 0 2600468
581166400 0 0 2 0 0 0 2600468
581169600 0 1 2 0 0 0 2600468
581172800 0 1 2 0 0 0 2600468
581176000 0 0 2 0 0 0 2600468
581179200 0 0 2 0 0 0 2600468
581182400 0 0 2 0 0 0 2600468
581185600 0 1 2 0 0 0 2600468
581188800 0 0 2 0 0 0 2600468
581192000 0 0 2 0 0 0 2600468
581195200 0 0 2 0 0 0 2600468
581198400 0 1 2 0 0 0 2600468
581201600 0 0 2 0 0 0 2600468
581204800 0 1 2 0 0 0 2600468
581208000 0 1 2 0 0 0 2600468
581211200 0 0 2 0 0 0 2600468
581214400 0 0 2 0 0 0 2600468
581217600 0 0 2 0 0 0 2600468
581220800 0 0 2 0 0 0 2600468
581224000 0 0 2 0 0 0 2600468
581227200 0 0 2 0 0 0 2600468
581230400 0 0 2 0 0 0 2600468
581233600 0 0 2 0 0 0 2600468
581236800 0 1 2 0 0 0 2600468
581240000 0 1 2 0 0 0 2600468
581243200 0 1 2 0 0 0 2600468
581246400 0 0 2 0 0 0 2600468
581249600 0 0 2 0 0 0 2600468
581252800 0 0 2 0 0 0 2600468
581256000 0 0 2 0 0 0 2600468
581259200 0 0 2 0 0 0 2600468
581262400 0 1 2 0 0 0 2600468
581265600 0 1 2 0 0 0 2600468
581268800 0 0 2 0 0 0 2600468
581272000 0 0 2 0 0 0 2600468
581275200 0 1 2 0 0 0 2600468
581278400 0 1 2 0 0 0 2600468
581281600 0 0 2 0 0 0 2600468
581284800 0 0 2 0 0 0 2600468
581288000 0 0 2 0 0 0 2600468
581291200 0 0 2 0 0 0 2600468
581294400 0 0 2 0 0 0 2600468
581297600 0 0 2 0 0 0 2600468
581300800 0 0 2 0 0 0 2600468
581304000 0 0 2 0 0 0 2600468
581307200 0 0 2 0 0 0 2600468
581310400 0 1 2 0 0 0 2600468
581313600 0 1 2 0 0 0 2600468
585000000 0 0 2 0 0 0 2600468
585003200 0 0 2 0 0 0 2600468
585006400 0 0 2 0 0 0 2600468
585009600 0 0 2 0 0 0 2600468
585012800 0 0 2 0 0 0 2600468
585016000 0 1 2 0 0 0 2600468
585019200 0 0 2 0 0 0 2600468
585022400 0 0 2 0 0 0 2600468
585025600 0 1 2 0 0 0 2600468
585028800 0 1 2 0 0 0 2600468
585032000 0 1 2 0 0 0 2600468
585035200 0 0 2 0 0 0 2600468
585038400 0 1 2 0 0 0 2600468
585041600 0 1 2 0 0 0 2600468
585044800 0 1 2 0 0 0 2600468
585048000 0 0 2 0 0 0 2600468
585051200 0 1 2 0 0 0 2600468
585054400 0 1 2 0 0 0 2600468
585057600 0 0 2 0 0 0 2600468
585060800 0 0 2 0 0 0 2600468
585064000 0 1 2 0 0 0 2600468
585067200 0 1 2 0 0 0 2600468
585070400 0 0 2 0 0 0 2600468
585073600 0 0 2 0 0 0 2600468
585076800 0 0 2 0 0 0 2600468
585080000 0 0 2 0 0 0 2600468
585083200 0 1 2 0 0 0 2600468
585086400 0 1 2 0 0 0 2600468
585089600 0 0 2 0 0 0 2600468
585092800 0 1 2 0 0 0 2600468
585096000 0 0 2 0 0 0 2600468
585099200 0 1 2 0 0 0 2600468
585102400 0 1 2 0 0 0 2600468
603000000 0 0 2 0 0 0 2600468
603003200 0 0 2 0 0 0 2600468
603006400 0 0 2 0 0 0 2600468
603009600 0 0 2 0 0 0 2600468
603012800 0 0 2 0 0 0 2600468
603016000 0 0 2 0 0 0 2600468
603019200 0 0 2 0 0 0 2600468
603022400 0 0 2 0 0 0 2600468
603025600 0 1 2 0 0 0 2600468
603028800 0 1 2 0 0 0 2600468
603032000 0 1 2 0 0 0 2600468
603035200 0 0 2 0 0 0 2600468
603038400 0 1 2 0 0 0 2600468
603041600 0 1 2 0 0 0 2600468
603044800 0 1 2 0 0 0 2600468
603048000 0 0 2 0 0 0 2600468
603051200 0 1 2 0 0 0 2600468
603054400 0 1 2 0 0 0 2600468
603057600 0 0 2 0 0 0 2600468
603060800 0 0 2 0 0 0 2600468
603064000 0 1 2 0 0 0 2600468
603067200 0 1 2 0 0 0 2600468
603070400 0 0 2 0 0 0 2600468
603073600 0 0 2 0 0 0 2600468
603076800 0 0 2 0 0 0 2600468
603080000 0 0 2 0 0 0 2600468
603083200 0 0 2 0 0 0 2600468
603086400 0 0 2 0 0 0 2600468
603089600 0 0 2 0 0 0 2600468
603092800 0 0 2 0 0 0 2600468
603096000 0 0 2 0 0 0 2600468
603099200 0 1 2 0 0 0 2600468
603102400 0 1 2 0 0 0 2600468
603105600 0 0 2 0 0 0 2600468
603108800 0 0 2 0 0 0 2600468
603112000 0 0 2 0 0 0 2600468
603115200 0 0 2 0 0 0 2600468
603118400 0 0 2 0 0 0 2600468
603121600 0 1 2 0 0 0 2600468
603124800 0 0 2 0 0 0 2600468
603128000 0 0 2 0 0 0 2600468
603131200 0 1 2 0 0 0 2600468
603134400 0 1 2 0 0 0 2600468
603137600 0 1 2 0 0 0 2600468
603140800 0 0 2 0 0 0 2600468
603144000 0 1 2 0 0 0 2600468
603147200 0 1 2 0 0 0 2600468
603150400 0 0 2 0 0 0 2600468
603153600 0 0 2 0 0 0 2600468
603156800 0 0 2 0 0 0 2600468
603160000 0 0 2 0 0 0 2600468
603163200 0 1 2 0 0 0 2600468
603166400 0 0 2 0 0 0 2600468
603169600 0 1 2 0 0 0 2600468
603172800 0 1 2 0 0 0 2600468
603176000 0 0 2 0 0 0 2600468
603179200 0 0 2 0 0 0 2600468
603182400 0 1 2 0 0 0 2600468
603185600 0 0 2 0 0 0 2600468
603188800 0 1 2 0 0 0 2600468
603192000 0 1 2 0 0 0 2600468
603195200 0 1 2 0 0 0 2600468
603198400 0 0 2 0 0 0 2600468
603201600 0 0 2 0 0 0 2600468
603204800 0 1 2 0 0 0 2600468
603208000 0 1 2 0 0 0 2600468
603211200 0 0 2 0 0 0 2600468
603214400 0 0 2 0 0 0 2600468
603217600 0 0 2 0 0 0 2600468
603220800 0 0 2 0 0 0 2600468
603224000 0 0 2 0 0 0 2600468
603227200 0 0 2 0 0 0 2600468
603230400 0 0 2 0 0 0 2600468
603233600 0 0 2 0 0 0 2600468
603236800 0 1 2 0 0 0 2600468
603240000 0 1 2 0 0 0 2600468
603243200 0 1 2 0 0 0 2600468
603246400 0 0 2 0 0 0 2600468
603249600 0 1 2 0 0 0 2600468
603252800 0 1 2 0 0 0 2600468
603256000 0 0 2 0 0 0 2600468
603259200 0 0 2 0 0 0 2600468
603262400 0 0 2 0 0 0 2600468
603265600 0 0 2 0 0 0 2600468
603268800 0 1 2 0 0 0 2600468
603272000 0 0 2 0 0 0 2600468
603275200 0 1 2 0 0 0 2600468
603278400 0 1 2 0 0 0 2600468
603281600 0 0 2 0 0 0 2600468
603284800 0 0 2 0 0 0 2600468
603288000 0 0 2 0 0 0 2600468
603291200 0 0 2 0 0 0 2600468
603294400 0 0 2 0 0 0 2600468
603297600 0 0 2 0 0 0 2600468
603300800 0 0 2 0 0 0 2600468
603304000 0 0 2 0 0 0 2600468
603307200 0 0 2 0 0 0 2600468
603310400 0 1 2 0 0 0 2600468
603313600 0 1 2 0 0 0 2600468
603316800 0 0 2 0 0 0 2600468
603320000 0 0 2 0 0 0 2600468
603323200 0 0 2 0 0 0 2600468
603326400 0 0 2 0 0 0 2600468
603329600 0 0 2 0 0 0 2600468
603332800 0 1 2 0 0 0 2600468
603336000 0 0 2 0 0 0 2600468
603339200 0 0 2 0 0 0 2600468
603342400 0 1 2 0 0 0 2600468
603345600 0 1 2 0 0 0 2600468
603348800 0 1 2 0 0 0 2600468
603352000 0 0 2 0 0 0 2600468
603355200 0 0 2 0 0 0 2600468
603358400 0 0 2 0 0 0 2600468
603361600 0 0 2 0 0 0 2600468
603364800 0 0 2 0 0 0 2600468
603368000 0 0 2 0 0 0 2600468
603371200 0 0 2 0 0 0 2600468
603374400 0 1 2 0 0 0 2600468
603377600 0 0 2 0 0 0 2600468
603380800 0 1 2 0 0 0 2600468
603384000 0 1 2 0 0 0 2600468
603387200 0 0 2 0 0 0 2600468
603390400 0 0 2 0 0 0 2600468
603393600 0 1 2 0 0 0 2600468
603396800 0 0 2 0 0 0 2600468
603400000 0 1 2 0 0 0 2600468
603403200 0 1 2 0 0 0 2600468
603406400 0 0 2 0 0 0 2600468
603409600 0 1 2 0 0 0 2600468
603412800 0 0 2 0 0 0 2600468
603416000 0 1 2 0 0 0 2600468
603419200 0 1 2 0 0 0 2600468
628000000 0 0 2 0 0 0 2600468
628003200 0 0 2 0 0 0 2600468
628006400 0 0 2 0 0 0 2600468
628009600 0 0 2 0 0 0 2600468
628012800 0 0 2 0 0 0 2600468
628016000 0 0 2 0 0 0 2600468
628019200 0 0 2 0 0 0 2600468
628022400 0 0 2 0 0 0 2600468
628025600 0 1 2 0 0 0 2600468
628028800 0 1 2 0 0 0 2600468
628032000 0 1 2 0 0 0 2600468
628035200 0 0 2 0 0 0 2600468
628038400 0 0 2 0 0 0 2600468
628041600 0 0 2 0 0 0 2600468
628044800 0 0 2 0 0 0 2600468
628048000 0 0 2 0 0 0 2600468
628051200 0 0 2 0 0 0 2600468
628054400 0 0 2 0 0 0 2600468
628057600 0 1 2 0 0 0 2600468
628060800 0 0 2 0 0 0 2600468
628064000 0 1 2 0 0 0 2600468
628067200 0 1 2 0 0 0 2600468
628070400 0 0 2 0 0 0 2600468
628073600 0 0 2 0 0 0 2600468
628076800 0 0 2 0 0 0 2600468
628080000 0 0 2 0 0 0 2600468
628083200 0 0 2 0 0 0 2600468
628086400 0 0 2 0 0 0 2600468
628089600 0 0 2 0 0 0 2600468
628092800 0 0 2 0 0 0 2600468
628096000 0 0 2 0 0 0 2600468
628099200 0 1 2 0 0 0 2600468
628102400 0 1 2 0 0 0 2600468
628105600 0 0 2 0 0 0 2600468
628108800 0 0 2 0 0 0 2600468
628112000 0 0 2 0 0 0 2600468
628115200 0 0 2 0 0 0 2600468
628118400 0 0 2 0 0 0 2600468
628121600 0 1 2 0 0 0 2600468
628124800 0 0 2 0 0 0 2600468
628128000 0 0 2 0 0 0 2600468
628131200 0 1 2 0 0 0 2600468
628134400 0 1 2 0 0 0 2600468
628137600 0 1 2 0 0 0 2600468
628140800 0 0 2 0 0 0 2600468
628144000 0 1 2 0 0 0 2600468
628147200 0 0 2 0 0 0 2600468
628150400 0 1 2 0 0 0 2600468
628153600 0 1 2 0 0 0 2600468
628156800 0 0 2 0 0 0 2600468
628160000 0 1 2 0 0 0 2600468
628163200 0 0 2 0 0 0 2600468
628166400 0 0 2 0 0 0 2600468
628169600 0 1 2 0 0 0 2600468
628172800 0 1 2 0 0 0 2600468
628176000 0 0 2 0 0 0 2600468
628179200 0 0 2 0 0 0 2600468
628182400 0 0 2 0 0 0 2600468
628185600 0 0 2 0 0 0 2600468
628188800 0 0 2 0 0 0 2600468
628192000 0 0 2 0 0 0 2600468
628195200 0 1 2 0 0 0 2600468
628198400 0 1 2 0 0 0 2600468
628201600 0 0 2 0 0 0 2600468
628204800 0 1 2 0 0 0 2600468
628208000 0 1 2 0 0 0 2600468
628211200 0 0 2 0 0 0 2600468
628214400 0 0 2 0 0 0 2600468
628217600 0 0 2 0 0 0 2600468
628220800 0 0 2 0 0 0 2600468
628224000 0 0 2 0 0 0 2600468
628227200 0 0 2 0 0 0 2600468
628230400 0 0 2 0 0 0 2600468
628233600 0 0 2 0 0 0 2600468
628236800 0 1 2 0 0 0 2600468
628240000 0 1 2 0 0 0 2600468
628243200 0 1 2 0 0 0 2600468
628246400 0 0 2 0 0 0 2600468
628249600 0 1 2 0 0 0 2600468
628252800 0 0 2 0 0 0 2600468
628256000 0 1 2 0 0 0 2600468
628259200 0 1 2 0 0 0 2600468
628262400 0 0 2 0 0 0 2600468
628265600 0 1 2 0 0 0 2600468
628268800 0 0 2 0 0 0 2600468
628272000 0 0 2 0 0 0 2600468
628275200 0 1 2 0 0 0 2600468
628278400 0 1 2 0 0 0 2600468
628281600 0 0 2 0 0 0 2600468
628284800 0 0 2 0 0 0 2600468
628288000 0 0 2 0 0 0 2600468
628291200 0 0 2 0 0 0 2600468
628294400 0 0 2 0 0 0 2600468
628297600 0 0 2 0 0 0 2600468
628300800 0 0 2 0 0 0 2600468
628304000 0 0 2 0 0 0 2600468
628307200 0 0 2 0 0 0 2600468
628310400 0 1 2 0 0 0 2600468
628313600 0 1 2 0 0 0 2600468
628316800 0 0 2 0 0 0 2600468
628320000 0 0 2 0 0 0 2600468
628323200 0 0 2 0 0 0 2600468
628326400 0 0 2 0 0 0 2600468
628329600 0 0 2 0 0 0 2600468
628332800 0 1 2 0 0 0 2600468
628336000 0 0 2 0 0 0 2600468
628339200 0 0 2 0 0 0 2600468
628342400 0 1 2 0 0 0 2600468
628345600 0 1 2 0 0 0 2600468
628348800 0 1 2 0 0 0 2600468
628352000 0 0 2 0 0 0 2600468
628355200 0 0 2 0 0 0 2600468
628358400 0 0 2 0 0 0 2600468
628361600 0 1 2 0 0 0 2600468
628364800 0 0 2 0 0 0 2600468
628368000 0 1 2 0 0 0 2600468
628371200 0 1 2 0 0 0 2600468
628374400 0 0 2 0 0 0 2600468
628377600 0 0 2 0 0 0 2600468
628380800 0 1 2 0 0 0 2600468
628384000 0 1 2 0 0 0 2600468
628387200 0 0 2 0 0 0 2600468
628390400 0 0 2 0 0 0 2600468
628393600 0 1 2 0 0 0 2600468
628396800 0 1 2 0 0 0 2600468
628400000 0 1 2 0 0 0 2600468
628403200 0 1 2 0 0 0 2600468
628406400 0 1 2 0 0 0 2600468
628409600 0 0 2 0 0 0 2600468
628412800 0 0 2 0 0 0 2600468
628416000 0 1 2 0 0 0 2600468
628419200 0 1 2 0 0 0 2600468
636000000 0 0 2 0 0 0 2600468
636003200 0 0 2 0 0 0 2600468
636006400 0 0 2 0 0 0 2600468
636009600 0 0 2 0 0 0 2600468
636012800 0 0 2 0 0 0 2600468
636016000 0 0 2 0 0 0 2600468
636019200 0 0 2 0 0 0 2600468
636022400 0 0 2 0 0 0 2600468
636025600 0 1 2 0 0 0 2600468
636028800 0 1 2 0 0 0 2600468
636032000 0 1 2 0 0 0 2600468
636035200 0 0 2 0 0 0 2600468
636038400 0 0 2 0 0 0 2600468
636041600 0 0 2 0 0 0 2600468
636044800 0 1 2 0 0 0 2600468
636048000 0 0 2 0 0 0 2600468
636051200 0 1 2 0 0 0 2600468
636054400 0 1 2 0 0 0 2600468
636057600 0 0 2 0 0 0 2600468
636060800 0 0 2 0 0 0 2600468
636064000 0 1 2 0 0 0 2600468
636067200 0 1 2 0 0 0 2600468
636070400 0 0 2 0 0 0 2600468
636073600 0 0 2 0 0 0 2600468
636076800 0 0 2 0 0 0 2600468
636080000 0 0 2 0 0 0 2600468
636083200 0 0 2 0 0 0 2600468
636086400 0 0 2 0 0 0 2600468
636089600 0 0 2 0 0 0 2600468
636092800 0 0 2 0 0 0 2600468
636096000 0 0 2 0 0 0 2600468
636099200 0 1 2 0 0 0 2600468
636102400 0 1 2 0 0 0 2600468
645000000 0 0 2 0 0 0 2600468
645003200 0 0 2 0 0 0 2600468
645006400 0 0 2 0 0 0 2600468
645009600 0 0 2 0 0 0 2600468
645012800 0 0 2 0 0 0 2600468
645016000 0 1 2 0 0 0 2600468
645019200 0 0 2 0 0 0 2600468
645022400 0 0 2 0 0 0 2600468
645025600 0 1 2 0 0 0 2600468
645028800 0 1 2 0 0 0 2600468
645032000 0 1 2 0 0 0 2600468
645035200 0 0 2 0 0 0 2600468
645038400 0 0 2 0 0 0 2600468
645041600 0 0 2 0 0 0 2600468
645044800 0 0 2 0 0 0 2600468
645048000 0 0 2 0 0 0 2600468
645051200 0 1 2 0 0 0 2600468
645054400 0 1 2 0 0 0 2600468
645057600 0 0 2 0 0 0 2600468
645060800 0 0 2 0 0 0 2600468
645064000 0 1 2 0 0 0 2600468
645067200 0 1 2 0 0 0 2600468
645070400 0 0 2 0 0 0 2600468
645073600 0 0 2 0 0 0 2600468
645076800 0 1 2 0 0 0 2600468
645080000 0 1 2 0 0 0 2600468
645083200 0 1 2 0 0 0 2600468
645086400 0 0 2 0 0 0 2600468
645089600 0 0 2 0 0 0 2600468
645092800 0 1 2 0 0 0 2600468
645096000 0 0 2 0 0 0 2600468
645099200 0 1 2 0 0 0 2600468
645102400 0 1 2 0 0 0 2600468
656000000 0 0 2 0 0 0 2600468
656003200 0 0 2 0 0 0 2600468
656006400 0 0 2 0 0 0 2600468
656009600 0 0 2 0 0 0 2600468
656012800 0 0 2 0 0 0 2600468
656016000 0 0 2 0 0 0 2600468
656019200 0 0 2 0 0 0 2600468
656022400 0 0 2 0 0 0 2600468
656025600 0 1 2 0 0 0 2600468
656028800 0 1 2 0 0 0 2600468
656032000 0 1 2 0 0 0 2600468
656035200 0 0 2 0 0 0 2600468
656038400 0 0 2 0 0 0 2600468
656041600 0 0 2 0 0 0 2600468
656044800 0 0 2 0 0 0 2600468
656048000 0 0 2 0 0 0 2600468
656051200 0 1 2 0 0 0 2600468
656054400 0 1 2 0 0 0 2600468
656057600 0 0 2 0 0 0 2600468
656060800 0 0 2 0 0 0 2600468
656064000 0 1 2 0 0 0 2600468
656067200 0 1 2 0 0 0 2600468
656070400 0 0 2 0 0 0 2600468
656073600 0 0 2 0 0 0 2600468
656076800 0 0 2 0 0 0 2600468
656080000 0 0 2 0 0 0 2600468
656083200 0 0 2 0 0 0 2600468
656086400 0 0 2 0 0 0 2600468
656089600 0 0 2 0 0 0 2600468
656092800 0 0 2 0 0 0 2600468
656096000 0 0 2 0 0 0 2600468
656099200 0 1 2 0 0 0 2600468
656102400 0 1 2 0 0 0 2600468
656105600 0 0 2 0 0 0 2600468
656108800 0 0 2 0 0 0 2600468
656112000 0 0 2 0 0 0 2600468
656115200 0 0 2 0 0 0 2600468
656118400 0 0 2 0 0 0 2600468
656121600 0 1 2 0 0 0 2600468
656124800 0 0 2 0 0 0 2600468
656128000 0 0 2 0 0 0 2600468
656131200 0 1 2 0 0 0 2600468
656134400 0 1 2 0 0 0 2600468
656137600 0 1 2 0 0 0 2600468
656140800 0 0 2 0 0 0 2600468
656144000 0 1 2 0 0 0 2600468
656147200 0 1 2 0 0 0 2600468
656150400 0 0 2 0 0 0 2600468
656153600 0 0 2 0 0 0 2600468
656156800 0 0 2 0 0 0 2600468
656160000 0 0 2 0 0 0 2600468
656163200 0 1 2 0 0 0 2600468
656166400 0 0 2 0 0 0 2600468
656169600 0 1 2 0 0 0 2600468
656172800 0 1 2 0 0 0 2600468
656176000 0 0 2 0 0 0 2600468
656179200 0 0 2 0 0 0 2600468
656182400 0 0 2 0 0 0 2600468
656185600 0 0 2 0 0 0 2600468
656188800 0 0 2 0 0 0 2600468
656192000 0 0 2 0 0 0 2600468
656195200 0 1 2 0 0 0 2600468
656198400 0 1 2 0 0 0 2600468
656201600 0 0 2 0 0 0 2600468
656204800 0 1 2 0 0 0 2600468
656208000 0 1 2 0 0 0 2600468
675000000 0 0 2 0 0 0 2600468
675003200 0 0 2 0 0 0 2600468
675006400 0 0 2 0 0 0 2600468
675009600 0 0 2 0 0 0 2600468
675012800 0 0 2 0 0 0 2600468
675016000 0 0 2 0 0 0 2600468
675019200 0 0 2 0 0 0 2600468
675022400 0 0 2 0 0 0 2600468
675025600 0 1 2 0 0 0 2600468
675028800 0 1 2 0 0 0 2600468
675032000 0 1 2 0 0 0 2600468
675035200 0 0 2 0 0 0 2600468
675038400 0 1 2 0 0 0 2600468
675041600 0 1 2 0 0 0 2600468
675044800 0 0 2 0 0 0 2600468
675048000 0 0 2 0 0 0 2600468
675051200 0 0 2 0 0 0 2600468
675054400 0 0 2 0 0 0 2600468
675057600 0 1 2 0 0 0 2600468
675060800 0 0 2 0 0 0 2600468
675064000 0 1 2 0 0 0 2600468
675067200 0 1 2 0 0 0 2600468
675070400 0 0 2 0 0 0 2600468
675073600 0 0 2 0 0 0 2600468
675076800 0 0 2 0 0 0 2600468
675080000 0 0 2 0 0 0 2600468
675083200 0 0 2 0 0 0 2600468
675086400 0 0 2 0 0 0 2600468
675089600 0 0 2 0 0 0 2600468
675092800 0 0 2 0 0 0 2600468
675096000 0 0 2 0 0 0 2600468
675099200 0 1 2 0 0 0 2600468
675102400 0 1 2 0 0 0 2600468
675105600 0 0 2 0 0 0 2600468
675108800 0 0 2 0 0 0 2600468
675112000 0 0 2 0 0 0 2600468
675115200 0 0 2 0 0 0 2600468
675118400 0 0 2 0 0 0 2600468
675121600 0 1 2 0 0 0 2600468
675124800 0 0 2 0 0 0 2600468
675128000 0 0 2 0 0 0 2600468
675131200 0 1 2 0 0 0 2600468
675134400 0 1 2 0 0 0 2600468
675137600 0 1 2 0 0 0 2600468
675140800 0 0 2 0 0 0 2600468
675144000 0 1 2 0 0 0 2600468
675147200 0 1 2 0 0 0 2600468
675150400 0 1 2 0 0 0 2600468
675153600 0 0 2 0 0 0 2600468
675156800 0 1 2 0 0 0 2600468
675160000 0 1 2 0 0 0 2600468
675163200 0 0 2 0 0 0 2600468
675166400 0 0 2 0 0 0 2600468
675169600 0 1 2 0 0 0 2600468
675172800 0 1 2 0 0 0 2600468
675176000 0 0 2 0 0 0 2600468
675179200 0 0 2 0 0 0 2600468
675182400 0 0 2 0 0 0 2600468
675185600 0 1 2 0 0 0 2600468
675188800 0 0 2 0 0 0 2600468
675192000 0 0 2 0 0 0 2600468
675195200 0 0 2 0 0 0 2600468
675198400 0 1 2 0 0 0 2600468
675201600 0 0 2 0 0 0 2600468
675204800 0 1 2 0 0 0 2600468
675208000 0 1 2 0 0 0 2600468
676000000 0 0 2 0 0 0 2600468
676003200 0 0 2 0 0 0 2600468
676006400 0 0 2 0 0 0 2600468
676009600 0 0 2 0 0 0 2600468
676012800 0 0 2 0 0 0 2600468
676016000 0 0 2 0 0 0 2600468
676019200 0 0 2 0 0 0 2600468
676022400 0 0 2 0 0 0 2600468
676025600 0 1 2 0 0 0 2600468
676028800 0 1 2 0 0 0 2600468
676032000 0 1 2 0 0 0 2600468
676035200 0 0 2 0 0 0 2600468
676038400 0 1 2 0 0 0 2600468
676041600 0 1 2 0 0 0 2600468
676044800 0 1 2 0 0 0 2600468
676048000 0 0 2 0 0 0 2600468
676051200 0 1 2 0 0 0 2600468
676054400 0 1 2 0 0 0 2600468
676057600 0 0 2 0 0 0 2600468
676060800 0 0 2 0 0 0 2600468
676064000 0 1 2 0 0 0 2600468
676067200 0 1 2 0 0 0 2600468
676070400 0 0 2 0 0 0 2600468
676073600 0 0 2 0 0 0 2600468
676076800 0 0 2 0 0 0 2600468
676080000 0 0 2 0 0 0 2600468
676083200 0 0 2 0 0 0 2600468
676086400 0 0 2 0 0 0 2600468
676089600 0 0 2 0 0 0 2600468
676092800 0 0 2 0 0 0 2600468
676096000 0 0 2 0 0 0 2600468
676099200 0 1 2 0 0 0 2600468
676102400 0 1 2 0 0 0 2600468
685000000 0 0 2 0 0 0 2600468
685003200 0 0 2 0 0 0 2600468
685006400 0 0 2 0 0 0 2600468
685009600 0 0 2 0 0 0 2600468
685012800 0 0 2 0 0 0 2600468
685016000 0 1 2 0 0 0 2600468
685019200 0 0 2 0 0 0 2600468
685022400 0 0 2 0 0 0 2600468
685025600 0 1 2 0 0 0 2600468
685028800 0 1 2 0 0 0 2600468
685032000 0 1 2 0 0 0 2600468
685035200 0 0 2 0 0 0 2600468
685038400 0 0 2 0 0 0 2600468
685041600 0 1 2 0 0 0 2600468
685044800 0 0 2 0 0 0 2600468
685048000 0 0 2 0 0 0 2600468
685051200 0 1 2 0 0 0 2600468
685054400 0 1 2 0 0 0 2600468
685057600 0 0 2 0 0 0 2600468
685060800 0 0 2 0 0 0 2600468
685064000 0 1 2 0 0 0 2600468
685067200 0 1 2 0 0 0 2600468
685070400 0 0 2 0 0 0 2600468
685073600 0 0 2 0 0 0 2600468
685076800 0 0 2 0 0 0 2600468
685080000 0 0 2 0 0 0 2600468
685083200 0 1 2 0 0 0 2600468
685086400 0 1 2 0 0 0 2600468
685089600 0 0 2 0 0 0 2600468
685092800 0 1 2 0 0 0 2600468
685096000 0 0 2 0 0 0 2600468
685099200 0 1 2 0 0 0 2600468
685102400 0 1 2 0 0 0 2600468
703000000 0 0 2 0 0 0 2600468
703003200 0 0 2 0 0 0 2600468
703006400 0 0 2 0 0 0 2600468
703009600 0 0 2 0 0 0 2600468
703012800 0 0 2 0 0 0 2600468
703016000 0 0 2 0 0 0 2600468
703019200 0 0 2 0 0 0 2600468
703022400 0 0 2 0 0 0 2600468
703025600 0 1 2 0 0 0 2600468
703028800 0 1 2 0 0 0 2600468
703032000 0 1 2 0 0 0 2600468
703035200 0 0 2 0 0 0 2600468
703038400 0 0 2 0 0 0 2600468
703041600 0 1 2 0 0 0 2600468
703044800 0 0 2 0 0 0 2600468
703048000 0 0 2 0 0 0 2600468
703051200 0 1 2 0 0 0 2600468
703054400 0 1 2 0 0 0 2600468
703057600 0 0 2 0 0 0 2600468
703060800 0 0 2 0 0 0 2600468
703064000 0 1 2 0 0 0 2600468
703067200 0 1 2 0 0 0 2600468
703070400 0 0 2 0 0 0 2600468
703073600 0 0 2 0 0 0 2600468
703076800 0 0 2 0 0 0 2600468
703080000 0 0 2 0 0 0 2600468
703083200 0 0 2 0 0 0 2600468
703086400 0 0 2 0 0 0 2600468
703089600 0 0 2 0 0 0 2600468
703092800 0 0 2 0 0 0 2600468
703096000 0 0 2 0 0 0 2600468
703099200 0 1 2 0 0 0 2600468
703102400 0 1 2 0 0 0 2600468
703105600 0 0 2 0 0 0 2600468
703108800 0 0 2 0 0 0 2600468
703112000 0 0 2 0 0 0 2600468
703115200 0 0 2 0 0 0 2600468
703118400 0 0 2 0 0 0 2600468
703121600 0 1 2 0 0 0 2600468
703124800 0 0 2 0 0 0 2600468
703128000 0 0 2 0 0 0 2600468
703131200 0 1 2 0 0 0 2600468
703134400 0 1 2 0 0 0 2600468
703137600 0 1 2 0 0 0 2600468
703140800 0 0 2 0 0 0 2600468
703144000 0 0 2 0 0 0 2600468
703147200 0 1 2 0 0 0 2600468
703150400 0 1 2 0 0 0 2600468
703153600 0 1 2 0 0 0 2600468
703156800 0 1 2 0 0 0 2600468
703160000 0 1 2 0 0 0 2600468
703163200 0 0 2 0 0 0 2600468
703166400 0 0 2 0 0 0 2600468
703169600 0 1 2 0 0 0 2600468
703172800 0 1 2 0 0 0 2600468
703176000 0 0 2 0 0 0 2600468
703179200 0 0 2 0 0 0 2600468
703182400 0 1 2 0 0 0 2600468
703185600 0 0 2 0 0 0 2600468
703188800 0 1 2 0 0 0 2600468
703192000 0 1 2 0 0 0 2600468
703195200 0 1 2 0 0 0 2600468
703198400 0 0 2 0 0 0 2600468
703201600 0 0 2 0 0 0 2600468
703204800 0 1 2 0 0 0 2600468
703208000 0 1 2 0 0 0 2600468
703211200 0 0 2 0 0 0 2600468
703214400 0 0 2 0 0 0 2600468
703217600 0 0 2 0 0 0 2600468
703220800 0 0 2 0 0 0 2600468
703224000 0 0 2 0 0 0 2600468
703227200 0 0 2 0 0 0 2600468
703230400 0 0 2 0 0 0 2600468
703233600 0 0 2 0 0 0 2600468
703236800 0 1 2 0 0 0 2600468
703240000 0 1 2 0 0 0 2600468
703243200 0 1 2 0 0 0 2600468
703246400 0 0 2 0 0 0 2600468
703249600 0 0 2 0 0 0 2600468
703252800 0 1 2 0 0 0 2600468
703256000 0 1 2 0 0 0 2600468
703259200 0 1 2 0 0 0 2600468
703262400 0 1 2 0 0 0 2600468
703265600 0 1 2 0 0 0 2600468
703268800 0 0 2 0 0 0 2600468
703272000 0 0 2 0 0 0 2600468
703275200 0 1 2 0 0 0 2600468
703278400 0 1 2 0 0 0 2600468
703281600 0 0 2 0 0 0 2600468
703284800 0 0 2 0 0 0 2600468
703288000 0 0 2 0 0 0 2600468
703291200 0 0 2 0 0 0 2600468
703294400 0 0 2 0 0 0 2600468
703297600 0 0 2 0 0 0 2600468
703300800 0 0 2 0 0 0 2600468
703304000 0 0 2 0 0 0 2600468
703307200 0 0 2 0 0 0 2600468
703310400 0 1 2 0 0 0 2600468
703313600 0 1 2 0 0 0 2600468
703316800 0 0 2 0 0 0 2600468
703320000 0 0 2 0 0 0 2600468
703323200 0 0 2 0 0 0 2600468
703326400 0 0 2 0 0 0 2600468
703329600 0 0 2 0 0 0 2600468
703332800 0 1 2 0 0 0 2600468
703336000 0 0 2 0 0 0 2600468
703339200 0 0 2 0 0 0 2600468
703342400 0 1 2 0 0 0 2600468
703345600 0 1 2 0 0 0 2600468
703348800 0 1 2 0 0 0 2600468
703352000 0 0 2 0 0 0 2600468
703355200 0 0 2 0 0 0 2600468
703358400 0 0 2 0 0 0 2600468
703361600 0 0 2 0 0 0 2600468
703364800 0 0 2 0 0 0 2600468
703368000 0 0 2 0 0 0 2600468
703371200 0 0 2 0 0 0 2600468
703374400 0 1 2 0 0 0 2600468
703377600 0 0 2 0 0 0 2600468
703380800 0 1 2 0 0 0 2600468
703384000 0 1 2 0 0 0 2600468
703387200 0 0 2 0 0 0 2600468
703390400 0 0 2 0 0 0 2600468
703393600 0 1 2 0 0 0 2600468
703396800 0 1 2 0 0 0 2600468
703400000 0 1 2 0 0 0 2600468
703403200 0 0 2 0 0 0 2600468
703406400 0 0 2 0 0 0 2600468
703409600 0 1 2 0 0 0 2600468
703412800 0 0 2 0 0 0 2600468
703416000 0 1 2 0 0 0 2600468
703419200 0 1 2 0 0 0 2600468
722000000 0 0 2 0 0 0 2600468
722003200 0 0 2 0 0 0 2600468
722006400 0 0 2 0 0 0 2600468
722009600 0 0 2 0 0 0 2600468
722012800 0 0 2 0 0 0 2600468
722016000 0 0 2 0 0 0 2600468
722019200 0 0 2 0 0 0 2600468
722022400 0 0 2 0 0 0 2600468
722025600 0 1 2 0 0 0 2600468
722028800 0 1 2 0 0 0 2600468
722032000 0 1 2 0 0 0 2600468
722035200 0 0 2 0 0 0 2600468
722038400 0 0 2 0 0 0 2600468
722041600 0 0 2 0 0 0 2600468
722044800 0 0 2 0 0 0 2600468
722048000 0 0 2 0 0 0 2600468
722051200 0 0 2 0 0 0 2600468
722054400 0 0 2 0 0 0 2600468
722057600 0 1 2 0 0 0 2600468
722060800 0 0 2 0 0 0 2600468
722064000 0 1 2 0 0 0 2600468
722067200 0 1 2 0 0 0 2600468
722070400 0 0 2 0 0 0 2600468
722073600 0 0 2 0 0 0 2600468
722076800 0 0 2 0 0 0 2600468
722080000 0 0 2 0 0 0 2600468
722083200 0 0 2 0 0 0 2600468
722086400 0 0 2 0 0 0 2600468
722089600 0 0 2 0 0 0 2600468
722092800 0 0 2 0 0 0 2600468
722096000 0 0 2 0 0 0 2600468
722099200 0 1 2 0 0 0 2600468
722102400 0 1 2 0 0 0 2600468
722105600 0 0 2 0 0 0 2600468
722108800 0 0 2 0 0 0 2600468
722112000 0 0 2 0 0 0 2600468
722115200 0 0 2 0 0 0 2600468
722118400 0 0 2 0 0 0 2600468
722121600 0 1 2 0 0 0 2600468
722124800 0 0 2 0 0 0 2600468
722128000 0 0 2 0 0 0 2600468
722131200 0 1 2 0 0 0 2600468
722134400 0 1 2 0 0 0 2600468
722137600 0 1 2 0 0 0 2600468
722140800 0 0 2 0 0 0 2600468
722144000 0 1 2 0 0 0 2600468
722147200 0 0 2 0 0 0 2600468
722150400 0 1 2 0 0 0 2600468
722153600 0 1 2 0 0 0 2600468
722156800 0 0 2 0 0 0 2600468
722160000 0 1 2 0 0 0 2600468
722163200 0 0 2 0 0 0 2600468
722166400 0 0 2 0 0 0 2600468
722169600 0 1 2 0 0 0 2600468
722172800 0 1 2 0 0 0 2600468
722176000 0 0 2 0 0 0 2600468
722179200 0 0 2 0 0 0 2600468
722182400 0 0 2 0 0 0 2600468
722185600 0 0 2 0 0 0 2600468
722188800 0 0 2 0 0 0 2600468
722192000 0 0 2 0 0 0 2600468
722195200 0 1 2 0 0 0 2600468
722198400 0 1 2 0 0 0 2600468
722201600 0 0 2 0 0 0 2600468
722204800 0 1 2 0 0 0 2600468
722208000 0 1 2 0 0 0 2600468
722211200 0 0 2 0 0 0 2600468
722214400 0 0 2 0 0 0 2600468
722217600 0 0 2 0 0 0 2600468
722220800 0 0 2 0 0 0 2600468
722224000 0 0 2 0 0 0 2600468
722227200 0 0 2 0 0 0 2600468
722230400 0 0 2 0 0 0 2600468
722233600 0 0 2 0 0 0 2600468
722236800 0 1 2 0 0 0 2600468
722240000 0 1 2 0 0 0 2600468
722243200 0 1 2 0 0 0 2600468
722246400 0 0 2 0 0 0 2600468
722249600 0 1 2 0 0 0 2600468
722252800 0 0 2 0 0 0 2600468
722256000 0 1 2 0 0 0 2600468
722259200 0 1 2 0 0 0 2600468
722262400 0 0 2 0 0 0 2600468
722265600 0 1 2 0 0 0 2600468
722268800 0 0 2 0 0 0 2600468
722272000 0 0 2 0 0 0 2600468
722275200 0 1 2 0 0 0 2600468
722278400 0 1 2 0 0 0 2600468
722281600 0 0 2 0 0 0 2600468
722284800 0 0 2 0 0 0 2600468
722288000 0 0 2 0 0 0 2600468
722291200 0 0 2 0 0 0 2600468
722294400 0 0 2 0 0 0 2600468
722297600 0 0 2 0 0 0 2600468
722300800 0 0 2 0 0 0 2600468
722304000 0 0 2 0 0 0 2600468
722307200 0 0 2 0 0 0 2600468
722310400 0 1 2 0 0 0 2600468
722313600 0 1 2 0 0 0 2600468
725000000 0 0 2 0 0 0 2600468
725003200 0 0 2 0 0 0 2600468
725006400 0 0 2 0 0 0 2600468
725009600 0 0 2 0 0 0 2600468
725012800 0 0 2 0 0 0 2600468
725016000 0 1 2 0 0 0 2600468
725019200 0 0 2 0 0 0 2600468
725022400 0 0 2 0 0 0 2600468
725025600 0 1 2 0 0 0 2600468
725028800 0 1 2 0 0 0 2600468
725032000 0 1 2 0 0 0 2600468
725035200 0 0 2 0 0 0 2600468
725038400 0 0 2 0 0 0 2600468
725041600 0 0 2 0 0 0 2600468
725044800 0 1 2 0 0 0 2600468
725048000 0 0 2 0 0 0 2600468
725051200 0 1 2 0 0 0 2600468
725054400 0 1 2 0 0 0 2600468
725057600 0 0 2 0 0 0 2600468
725060800 0 0 2 0 0 0 2600468
725064000 0 1 2 0 0 0 2600468
725067200 0 1 2 0 0 0 2600468
725070400 0 0 2 0 0 0 2600468
725073600 0 0 2 0 0 0 2600468
725076800 0 1 2 0 0 0 2600468
725080000 0 1 2 0 0 0 2600468
725083200 0 1 2 0 0 0 2600468
725086400 0 1 2 0 0 0 2600468
725089600 0 1 2 0 0 0 2600468
725092800 0 0 2 0 0 0 2600468
725096000 0 0 2 0 0 0 2600468
725099200 0 1 2 0 0 0 2600468
725102400 0 1 2 0 0 0 2600468
736000000 0 0 2 0 0 0 2600468
736003200 0 0 2 0 0 0 2600468
736006400 0 0 2 0 0 0 2600468
736009600 0 0 2 0 0 0 2600468
736012800 0 0 2 0 0 0 2600468
736016000 0 0 2 0 0 0 2600468
736019200 0 0 2 0 0 0 2600468
736022400 0 0 2 0 0 0 2600468
736025600 0 1 2 0 0 0 2600468
736028800 0 1 2 0 0 0 2600468
736032000 0 1 2 0 0 0 2600468
736035200 0 0 2 0 0 0 2600468
736038400 0 0 2 0 0 0 2600468
736041600 0 0 2 0 0 0 2600468
736044800 0 1 2 0 0 0 2600468
736048000 0 0 2 0 0 0 2600468
736051200 0 1 2 0 0 0 2600468
736054400 0 1 2 0 0 0 2600468
736057600 0 0 2 0 0 0 2600468
736060800 0 0 2 0 0 0 2600468
736064000 0 1 2 0 0 0 2600468
736067200 0 1 2 0 0 0 2600468
736070400 0 0 2 0 0 0 2600468
736073600 0 0 2 0 0 0 2600468
736076800 0 0 2 0 0 0 2600468
736080000 0 0 2 0 0 0 2600468
736083200 0 0 2 0 0 0 2600468
736086400 0 0 2 0 0 0 2600468
736089600 0 0 2 0 0 0 2600468
736092800 0 0 2 0 0 0 2600468
736096000 0 0 2 0 0 0 2600468
736099200 0 1 2 0 0 0 2600468
736102400 0 1 2 0 0 0 2600468
743000000 0 0 2 0 0 0 2600468
743003200 0 0 2 0 0 0 2600468
743006400 0 0 2 0 0 0 2600468
743009600 0 0 2 0 0 0 2600468
743012800 0 0 2 0 0 0 2600468
743016000 0 1 2 0 0 0 2600468
743019200 0 0 2 0 0 0 2600468
743022400 0 0 2 0 0 0 2600468
743025600 0 1 2 0 0 0 2600468
743028800 0 1 2 0 0 0 2600468
743032000 0 1 2 0 0 0 2600468
743035200 0 0 2 0 0 0 2600468
743038400 0 0 2 0 0 0 2600468
743041600 0 1 2 0 0 0 2600468
743044800 0 1 2 0 0 0 2600468
743048000 0 1 2 0 0 0 2600468
743051200 0 1 2 0 0 0 2600468
743054400 0 1 2 0 0 0 2600468
743057600 0 0 2 0 0 0 2600468
743060800 0 0 2 0 0 0 2600468
743064000 0 1 2 0 0 0 2600468
743067200 0 1 2 0 0 0 2600468
743070400 0 0 2 0 0 0 2600468
743073600 0 0 2 0 0 0 2600468
743076800 0 0 2 0 0 0 2600468
743080000 0 1 2 0 0 0 2600468
743083200 0 0 2 0 0 0 2600468
743086400 0 1 2 0 0 0 2600468
743089600 0 0 2 0 0 0 2600468
743092800 0 1 2 0 0 0 2600468
743096000 0 0 2 0 0 0 2600468
743099200 0 1 2 0 0 0 2600468
743102400 0 1 2 0 0 0 2600468
769000000 0 0 2 0 0 0 2600468
769003200 0 0 2 0 0 0 2600468
769006400 0 0 2 0 0 0 2600468
769009600 0 0 2 0 0 0 2600468
769012800 0 0 2 0 0 0 2600468
769016000 0 0 2 0 0 0 2600468
769019200 0 0 2 0 0 0 2600468
769022400 0 0 2 0 0 0 2600468
769025600 0 1 2 0 0 0 2600468
769028800 0 1 2 0 0 0 2600468
769032000 0 1 2 0 0 0 2600468
769035200 0 0 2 0 0 0 2600468
769038400 0 0 2 0 0 0 2600468
769041600 0 1 2 0 0 0 2600468
769044800 0 1 2 0 0 0 2600468
769048000 0 1 2 0 0 0 2600468
769051200 0 1 2 0 0 0 2600468
769054400 0 1 2 0 0 0 2600468
769057600 0 0 2 0 0 0 2600468
769060800 0 0 2 0 0 0 2600468
769064000 0 1 2 0 0 0 2600468
769067200 0 1 2 0 0 0 2600468
769070400 0 0 2 0 0 0 2600468
769073600 0 0 2 0 0 0 2600468
769076800 0 0 2 0 0 0 2600468
769080000 0 0 2 0 0 0 2600468
769083200 0 0 2 0 0 0 2600468
769086400 0 0 2 0 0 0 2600468
769089600 0 0 2 0 0 0 2600468
769092800 0 0 2 0 0 0 2600468
769096000 0 0 2 0 0 0 2600468
769099200 0 1 2 0 0 0 2600468
769102400 0 1 2 0 0 0 2600468
769105600 0 0 2 0 0 0 2600468
769108800 0 0 2 0 0 0 2600468
769112000 0 0 2 0 0 0 2600468
769115200 0 0 2 0 0 0 2600468
769118400 0 0 2 0 0 0 2600468
769121600 0 1 2 0 0 0 2600468
769124800 0 0 2 0 0 0 2600468
769128000 0 0 2 0 0 0 2600468
769131200 0 1 2 0 0 0 2600468
769134400 0 1 2 0 0 0 2600468
769137600 0 1 2 0 0 0 2600468
769140800 0 0 2 0 0 0 2600468
769144000 0 1 2 0 0 0 2600468
769147200 0 0 2 0 0 0 2600468
769150400 0 0 2 0 0 0 2600468
769153600 0 1 2 0 0 0 2600468
769156800 0 1 2 0 0 0 2600468
769160000 0 1 2 0 0 0 2600468
769163200 0 0 2 0 0 0 2600468
769166400 0 0 2 0 0 0 2600468
769169600 0 1 2 0 0 0 2600468
769172800 0 1 2 0 0 0 2600468
769176000 0 0 2 0 0 0 2600468
769179200 0 0 2 0 0 0 2600468
769182400 0 1 2 0 0 0 2600468
769185600 0 1 2 0 0 0 2600468
769188800 0 1 2 0 0 0 2600468
769192000 0 0 2 0 0 0 2600468
769195200 0 0 2 0 0 0 2600468
769198400 0 1 2 0 0 0 2600468
769201600 0 0 2 0 0 0 2600468
769204800 0 1 2 0 0 0 2600468
769208000 0 1 2 0 0 0 2600468
769211200 0 0 2 0 0 0 2600468
769214400 0 0 2 0 0 0 2600468
769217600 0 0 2 0 0 0 2600468
769220800 0 0 2 0 0 0 2600468
769224000 0 0 2 0 0 0 2600468
769227200 0 0 2 0 0 0 2600468
769230400 0 0 2 0 0 0 2600468
769233600 0 0 2 0 0 0 2600468
769236800 0 1 2 0 0 0 2600468
769240000 0 1 2 0 0 0 2600468
769243200 0 1 2 0 0 0 2600468
769246400 0 0 2 0 0 0 2600468
769249600 0 1 2 0 0 0 2600468
769252800 0 0 2 0 0 0 2600468
769256000 0 0 2 0 0 0 2600468
769259200 0 1 2 0 0 0 2600468
769262400 0 1 2 0 0 0 2600468
769265600 0 1 2 0 0 0 2600468
769268800 0 0 2 0 0 0 2600468
769272000 0 0 2 0 0 0 2600468
769275200 0 1 2 0 0 0 2600468
769278400 0 1 2 0 0 0 2600468
769281600 0 0 2 0 0 0 2600468
769284800 0 0 2 0 0 0 2600468
769288000 0 0 2 0 0 0 2600468
769291200 0 0 2 0 0 0 2600468
769294400 0 0 2 0 0 0 2600468
769297600 0 0 2 0 0 0 2600468
769300800 0 0 2 0 0 0 2600468
769304000 0 0 2 0 0 0 2600468
769307200 0 0 2 0 0 0 2600468
769310400 0 1 2 0 0 0 2600468
769313600 0 1 2 0 0 0 2600468
769316800 0 0 2 0 0 0 2600468
769320000 0 0 2 0 0 0 2600468
769323200 0 0 2 0 0 0 2600468
769326400 0 0 2 0 0 0 2600468
769329600 0 0 2 0 0 0 2600468
769332800 0 1 2 0 0 0 2600468
769336000 0 0 2 0 0 0 2600468
769339200 0 0 2 0 0 0 2600468
769342400 0 1 2 0 0 0 2600468
769345600 0 1 2 0 0 0 2600468
769348800 0 1 2 0 0 0 2600468
769352000 0 0 2 0 0 0 2600468
769355200 0 0 2 0 0 0 2600468
769358400 0 0 2 0 0 0 2600468
769361600 0 0 2 0 0 0 2600468
769364800 0 0 2 0 0 0 2600468
769368000 0 1 2 0 0 0 2600468
769371200 0 1 2 0 0 0 2600468
769374400 0 0 2 0 0 0 2600468
769377600 0 0 2 0 0 0 2600468
769380800 0 1 2 0 0 0 2600468
769384000 0 1 2 0 0 0 2600468
769387200 0 0 2 0 0 0 2600468
769390400 0 0 2 0 0 0 2600468
769393600 0 0 2 0 0 0 2600468
769396800 0 1 2 0 0 0 2600468
769400000 0 0 2 0 0 0 2600468
769403200 0 0 2 0 0 0 2600468
769406400 0 0 2 0 0 0 2600468
769409600 0 1 2 0 0 0 2600468
769412800 0 0 2 0 0 0 2600468
769416000 0 1 2 0 0 0 2600468
769419200 0 1 2 0 0 0 2600468
776000000 0 0 2 0 0 0 2600468
776003200 0 0 2 0 0 0 2600468
776006400 0 0 2 0 0 0 2600468
776009600 0 0 2 0 0 0 2600468
776012800 0 0 2 0 0 0 2600468
776016000 0 0 2 0 0 0 2600468
776019200 0 0 2 0 0 0 2600468
776022400 0 0 2 0 0 0 2600468
776025600 0 1 2 0 0 0 2600468
776028800 0 1 2 0 0 0 2600468
776032000 0 1 2 0 0 0 2600468
776035200 0 0 2 0 0 0 2600468
776038400 0 0 2 0 0 0 2600468
776041600 0 0 2 0 0 0 2600468
776044800 0 0 2 0 0 0 2600468
776048000 0 0 2 0 0 0 2600468
776051200 0 1 2 0 0 0 2600468
776054400 0 1 2 0 0 0 2600468
776057600 0 0 2 0 0 0 2600468
776060800 0 0 2 0 0 0 2600468
776064000 0 1 2 0 0 0 2600468
776067200 0 1 2 0 0 0 2600468
776070400 0 0 2 0 0 0 2600468
776073600 0 0 2 0 0 0 2600468
776076800 0 0 2 0 0 0 2600468
776080000 0 0 2 0 0 0 2600468
776083200 0 0 2 0 0 0 2600468
776086400 0 0 2 0 0 0 2600468
776089600 0 0 2 0 0 0 2600468
776092800 0 0 2 0 0 0 2600468
776096000 0 0 2 0 0 0 2600468
776099200 0 1 2 0 0 0 2600468
776102400 0 1 2 0 0 0 2600468
785000000 0 0 2 0 0 0 2600468
785003200 0 0 2 0 0 0 2600468
785006400 0 0 2 0 0 0 2600468
785009600 0 0 2 0 0 0 2600468
785012800 0 0 2 0 0 0 2600468
785016000 0 1 2 0 0 0 2600468
785019200 0 0 2 0 0 0 2600468
785022400 0 0 2 0 0 0 2600468
785025600 0 1 2 0 0 0 2600468
785028800 0 1 2 0 0 0 2600468
785032000 0 1 2 0 0 0 2600468
785035200 0 0 2 0 0 0 2600468
785038400 0 1 2 0 0 0 2600468
785041600 0 1 2 0 0 0 2600468
785044800 0 1 2 0 0 0 2600468
785048000 0 0 2 0 0 0 2600468
785051200 0 1 2 0 0 0 2600468
785054400 0 1 2 0 0 0 2600468
785057600 0 0 2 0 0 0 2600468
785060800 0 0 2 0 0 0 2600468
785064000 0 1 2 0 0 0 2600468
785067200 0 1 2 0 0 0 2600468
785070400 0 0 2 0 0 0 2600468
785073600 0 0 2 0 0 0 2600468
785076800 0 0 2 0 0 0 2600468
785080000 0 0 2 0 0 0 2600468
785083200 0 1 2 0 0 0 2600468
785086400 0 1 2 0 0 0 2600468
785089600 0 0 2 0 0 0 2600468
785092800 0 1 2 0 0 0 2600468
785096000 0 0 2 0 0 0 2600468
785099200 0 1 2 0 0 0 2600468
785102400 0 1 2 0 0 0 2600468
803000000 0 0 2 0 0 0 2600468
803003200 0 0 2 0 0 0 2600468
803006400 0 0 2 0 0 0 2600468
803009600 0 0 2 0 0 0 2600468
803012800 0 0 2 0 0 0 2600468
803016000 0 0 2 0 0 0 2600468
803019200 0 0 2 0 0 0 2600468
803022400 0 0 2 0 0 0 2600468
803025600 0 1 2 0 0 0 2600468
803028800 0 1 2 0 0 0 2600468
803032000 0 1 2 0 0 0 2600468
803035200 0 0 2 0 0 0 2600468
803038400 0 1 2 0 0 0 2600468
803041600 0 1 2 0 0 0 2600468
803044800 0 1 2 0 0 0 2600468
803048000 0 0 2 0 0 0 2600468
803051200 0 1 2 0 0 0 2600468
803054400 0 1 2 0 0 0 2600468
803057600 0 0 2 0 0 0 2600468
803060800 0 0 2 0 0 0 2600468
803064000 0 1 2 0 0 0 2600468
803067200 0 1 2 0 0 0 2600468
803070400 0 0 2 0 0 0 2600468
803073600 0 0 2 0 0 0 2600468
803076800 0 0 2 0 0 0 2600468
803080000 0 0 2 0 0 0 2600468
803083200 0 0 2 0 0 0 2600468
803086400 0 0 2 0 0 0 2600468
803089600 0 0 2 0 0 0 2600468
803092800 0 0 2 0 0 0 2600468
803096000 0 0 2 0 0 0 2600468
803099200 0 1 2 0 0 0 2600468
803102400 0 1 2 0 0 0 2600468
803105600 0 0 2 0 0 0 2600468
803108800 0 0 2 0 0 0 2600468
803112000 0 0 2 0 0 0 2600468
803115200 0 0 2 0 0 0 2600468
803118400 0 0 2 0 0 0 2600468
803121600 0 1 2 0 0 0 2600468
803124800 0 0 2 0 0 0 2600468
803128000 0 0 2 0 0 0 2600468
803131200 0 1 2 0 0 0 2600468
803134400 0 1 2 0 0 0 2600468
803137600 0 1 2 0 0 0 2600468
803140800 0 0 2 0 0 0 2600468
803144000 0 1 2 0 0 0 2600468
803147200 0 1 2 0 0 0 2600468
803150400 0 0 2 0 0 0 2600468
803153600 0 1 2 0 0 0 2600468
803156800 0 1 2 0 0 0 2600468
803160000 0 1 2 0 0 0 2600468
803163200 0 0 2 0 0 0 2600468
803166400 0 0 2 0 0 0 2600468
803169600 0 1 2 0 0 0 2600468
803172800 0 1 2 0 0 0 2600468
803176000 0 0 2 0 0 0 2600468
803179200 0 0 2 0 0 0 2600468
803182400 0 1 2 0 0 0 2600468
803185600 0 0 2 0 0 0 2600468
803188800 0 1 2 0 0 0 2600468
803192000 0 1 2 0 0 0 2600468
803195200 0 0 2 0 0 0 2600468
803198400 0 1 2 0 0 0 2600468
803201600 0 0 2 0 0 0 2600468
803204800 0 1 2 0 0 0 2600468
803208000 0 1 2 0 0 0 2600468
816000000 0 0 2 0 0 0 2600468
816003200 0 0 2 0 0 0 2600468
816006400 0 0 2 0 0 0 2600468
816009600 0 0 2 0 0 0 2600468
816012800 0 0 2 0 0 0 2600468
816016000 0 0 2 0 0 0 2600468
816019200 0 0 2 0 0 0 2600468
816022400 0 0 2 0 0 0 2600468
816025600 0 1 2 0 0 0 2600468
816028800 0 1 2 0 0 0 2600468
816032000 0 1 2 0 0 0 2600468
816035200 0 0 2 0 0 0 2600468
816038400 0 1 2 0 0 0 2600468
816041600 0 1 2 0 0 0 2600468
816044800 0 0 2 0 0 0 2600468
816048000 0 1 2 0 0 0 2600468
816051200 0 1 2 0 0 0 2600468
816054400 0 1 2 0 0 0 2600468
816057600 0 0 2 0 0 0 2600468
816060800 0 0 2 0 0 0 2600468
816064000 0 1 2 0 0 0 2600468
816067200 0 1 2 0 0 0 2600468
816070400 0 0 2 0 0 0 2600468
816073600 0 0 2 0 0 0 2600468
816076800 0 0 2 0 0 0 2600468
816080000 0 0 2 0 0 0 2600468
816083200 0 0 2 0 0 0 2600468
816086400 0 0 2 0 0 0 2600468
816089600 0 0 2 0 0 0 2600468
816092800 0 0 2 0 0 0 2600468
816096000 0 0 2 0 0 0 2600468
816099200 0 1 2 0 0 0 2600468
816102400 0 1 2 0 0 0 2600468
816105600 0 0 2 0 0 0 2600468
816108800 0 0 2 0 0 0 2600468
816112000 0 0 2 0 0 0 2600468
816115200 0 0 2 0 0 0 2600468
816118400 0 0 2 0 0 0 2600468
816121600 0 1 2 0 0 0 2600468
816124800 0 0 2 0 0 0 2600468
816128000 0 0 2 0 0 0 2600468
816131200 0 1 2 0 0 0 2600468
816134400 0 1 2 0 0 0 2600468
816137600 0 1 2 0 0 0 2600468
816140800 0 0 2 0 0 0 2600468
816144000 0 1 2 0 0 0 2600468
816147200 0 1 2 0 0 0 2600468
816150400 0 0 2 0 0 0 2600468
816153600 0 0 2 0 0 0 2600468
816156800 0 0 2 0 0 0 2600468
816160000 0 0 2 0 0 0 2600468
816163200 0 1 2 0 0 0 2600468
816166400 0 0 2 0 0 0 2600468
816169600 0 1 2 0 0 0 2600468
816172800 0 1 2 0 0 0 2600468
816176000 0 0 2 0 0 0 2600468
816179200 0 0 2 0 0 0 2600468
816182400 0 1 2 0 0 0 2600468
816185600 0 0 2 0 0 0 2600468
816188800 0 1 2 0 0 0 2600468
816192000 0 1 2 0 0 0 2600468
816195200 0 1 2 0 0 0 2600468
816198400 0 0 2 0 0 0 2600468
816201600 0 0 2 0 0 0 2600468
816204800 0 1 2 0 0 0 2600468
816208000 0 1 2 0 0 0 2600468
816211200 0 0 2 0 0 0 2600468
816214400 0 0 2 0 0 0 2600468
816217600 0 0 2 0 0 0 2600468
816220800 0 0 2 0 0 0 2600468
816224000 0 0 2 0 0 0 2600468
816227200 0 0 2 0 0 0 2600468
816230400 0 0 2 0 0 0 2600468
816233600 0 0 2 0 0 0 2600468
816236800 0 1 2 0 0 0 2600468
816240000 0 1 2 0 0 0 2600468
816243200 0 1 2 0 0 0 2600468
816246400 0 0 2 0 0 0 2600468
816249600 0 1 2 0 0 0 2600468
816252800 0 1 2 0 0 0 2600468
816256000 0 0 2 0 0 0 2600468
816259200 0 0 2 0 0 0 2600468
816262400 0 0 2 0 0 0 2600468
816265600 0 0 2 0 0 0 2600468
816268800 0 1 2 0 0 0 2600468
816272000 0 0 2 0 0 0 2600468
816275200 0 1 2 0 0 0 2600468
816278400 0 1 2 0 0 0 2600468
816281600 0 0 2 0 0 0 2600468
816284800 0 0 2 0 0 0 2600468
816288000 0 0 2 0 0 0 2600468
816291200 0 0 2 0 0 0 2600468
816294400 0 0 2 0 0 0 2600468
816297600 0 0 2 0 0 0 2600468
816300800 0 0 2 0 0 0 2600468
816304000 0 0 2 0 0 0 2600468
816307200 0 0 2 0 0 0 2600468
816310400 0 1 2 0 0 0 2600468
816313600 0 1 2 0 0 0 2600468
816316800 0 0 2 0 0 0 2600468
816320000 0 0 2 0 0 0 2600468
816323200 0 0 2 0 0 0 2600468
816326400 0 0 2 0 0 0 2600468
816329600 0 0 2 0 0 0 2600468
816332800 0 1 2 0 0 0 2600468
816336000 0 0 2 0 0 0 2600468
816339200 0 0 2 0 0 0 2600468
816342400 0 1 2 0 0 0 2600468
816345600 0 1 2 0 0 0 2600468
816348800 0 1 2 0 0 0 2600468
816352000 0 0 2 0 0 0 2600468
816355200 0 1 2 0 0 0 2600468
816358400 0 0 2 0 0 0 2600468
816361600 0 1 2 0 0 0 2600468
816364800 0 1 2 0 0 0 2600468
816368000 0 0 2 0 0 0 2600468
816371200 0 1 2 0 0 0 2600468
816374400 0 0 2 0 0 0 2600468
816377600 0 0 2 0 0 0 2600468
816380800 0 1 2 0 0 0 2600468
816384000 0 1 2 0 0 0 2600468
816387200 0 0 2 0 0 0 2600468
816390400 0 0 2 0 0 0 2600468
816393600 0 0 2 0 0 0 2600468
816396800 0 0 2 0 0 0 2600468
816400000 0 0 2 0 0 0 2600468
816403200 0 0 2 0 0 0 2600468
816406400 0 1 2 0 0 0 2600468
816409600 0 1 2 0 0 0 2600468
816412800 0 0 2 0 0 0 2600468
816416000 0 1 2 0 0 0 2600468
816419200 0 1 2 0 0 0 2600468
816422400 0 0 2 0 0 0 2600468
816425600 0 0 2 0 0 0 2600468
816428800 0 0 2 0 0 0 2600468
816432000 0 0 2 0 0 0 2600468
816435200 0 0 2 0 0 0 2600468
816438400 0 0 2 0 0 0 2600468
816441600 0 0 2 0 0 0 2600468
816444800 0 0 2 0 0 0 2600468
816448000 0 1 2 0 0 0 2600468
816451200 0 1 2 0 0 0 2600468
816454400 0 1 2 0 0 0 2600468
816457600 0 0 2 0 0 0 2600468
816460800 0 1 2 0 0 0 2600468
816464000 0 0 2 0 0 0 2600468
816467200 0 1 2 0 0 0 2600468
816470400 0 1 2 0 0 0 2600468
816473600 0 0 2 0 0 0 2600468
816476800 0 1 2 0 0 0 2600468
816480000 0 0 2 0 0 0 2600468
816483200 0 0 2 0 0 0 2600468
816486400 0 1 2 0 0 0 2600468
816489600 0 1 2 0 0 0 2600468
816492800 0 0 2 0 0 0 2600468
816496000 0 0 2 0 0 0 2600468
816499200 0 0 2 0 0 0 2600468
816502400 0 0 2 0 0 0 2600468
816505600 0 0 2 0 0 0 2600468
816508800 0 0 2 0 0 0 2600468
816512000 0 0 2 0 0 0 2600468
816515200 0 0 2 0 0 0 2600468
816518400 0 0 2 0 0 0 2600468
816521600 0 1 2 0 0 0 2600468
816524800 0 1 2 0 0 0 2600468
825000000 0 0 2 0 0 0 2600468
825003200 0 0 2 0 0 0 2600468
825006400 0 0 2 0 0 0 2600468
825009600 0 0 2 0 0 0 2600468
825012800 0 0 2 0 0 0 2600468
825016000 0 1 2 0 0 0 2600468
825019200 0 0 2 0 0 0 2600468
825022400 0 0 2 0 0 0 2600468
825025600 0 1 2 0 0 0 2600468
825028800 0 1 2 0 0 0 2600468
825032000 0 1 2 0 0 0 2600468
825035200 0 0 2 0 0 0 2600468
825038400 0 0 2 0 0 0 2600468
825041600 0 0 2 0 0 0 2600468
825044800 0 1 2 0 0 0 2600468
825048000 0 0 2 0 0 0 2600468
825051200 0 1 2 0 0 0 2600468
825054400 0 1 2 0 0 0 2600468
825057600 0 0 2 0 0 0 2600468
825060800 0 0 2 0 0 0 2600468
825064000 0 1 2 0 0 0 2600468
825067200 0 1 2 0 0 0 2600468
825070400 0 0 2 0 0 0 2600468
825073600 0 0 2 0 0 0 2600468
825076800 0 1 2 0 0 0 2600468
825080000 0 1 2 0 0 0 2600468
825083200 0 1 2 0 0 0 2600468
825086400 0 1 2 0 0 0 2600468
825089600 0 1 2 0 0 0 2600468
825092800 0 0 2 0 0 0 2600468
825096000 0 0 2 0 0 0 2600468
825099200 0 1 2 0 0 0 2600468
825102400 0 1 2 0 0 0 2600468
836000000 0 0 2 0 0 0 2600468
836003200 0 0 2 0 0 0 2600468
836006400 0 0 2 0 0 0 2600468
836009600 0 0 2 0 0 0 2600468
836012800 0 0 2 0 0 0 2600468
836016000 0 0 2 0 0 0 2600468
836019200 0 0 2 0 0 0 2600468
836022400 0 0 2 0 0 0 2600468
836025600 0 1 2 0 0 0 2600468
836028800 0 1 2 0 0 0 2600468
836032000 0 1 2 0 0 0 2600468
836035200 0 0 2 0 0 0 2600468
836038400 0 0 2 0 0 0 2600468
836041600 0 0 2 0 0 0 2600468
836044800 0 1 2 0 0 0 2600468
836048000 0 0 2 0 0 0 2600468
836051200 0 1 2 0 0 0 2600468
836054400 0 1 2 0 0 0 2600468
836057600 0 0 2 0 0 0 2600468
836060800 0 0 2 0 0 0 2600468
836064000 0 1 2 0 0 0 2600468
836067200 0 1 2 0 0 0 2600468
836070400 0 0 2 0 0 0 2600468
836073600 0 0 2 0 0 0 2600468
836076800 0 0 2 0 0 0 2600468
836080000 0 0 2 0 0 0 2600468
836083200 0 0 2 0 0 0 2600468
836086400 0 0 2 0 0 0 2600468
836089600 0 0 2 0 0 0 2600468
836092800 0 0 2 0 0 0 2600468
836096000 0 0 2 0 0 0 2600468
836099200 0 1 2 0 0 0 2600468
836102400 0 1 2 0 0 0 2600468
837000000 0 0 2 0 0 0 2600468
837003200 0 0 2 0 0 0 2600468
837006400 0 0 2 0 0 0 2600468
837009600 0 0 2 0 0 0 2600468
837012800 0 0 2 0 0 0 2600468
837016000 0 1 2 0 0 0 2600468
837019200 0 0 2 0 0 0 2600468
837022400 0 0 2 0 0 0 2600468
837025600 0 1 2 0 0 0 2600468
837028800 0 1 2 0 0 0 2600468
837032000 0 1 2 0 0 0 2600468
837035200 0 0 2 0 0 0 2600468
837038400 0 1 2 0 0 0 2600468
837041600 0 0 2 0 0 0 2600468
837044800 0 0 2 0 0 0 2600468
837048000 0 1 2 0 0 0 2600468
837051200 0 1 2 0 0 0 2600468
837054400 0 1 2 0 0 0 2600468
837057600 0 0 2 0 0 0 2600468
837060800 0 0 2 0 0 0 2600468
837064000 0 1 2 0 0 0 2600468
837067200 0 1 2 0 0 0 2600468
837070400 0 0 2 0 0 0 2600468
837073600 0 0 2 0 0 0 2600468
837076800 0 0 2 0 0 0 2600468
837080000 0 0 2 0 0 0 2600468
837083200 0 0 2 0 0 0 2600468
837086400 0 0 2 0 0 0 2600468
837089600 0 1 2 0 0 0 2600468
837092800 0 1 2 0 0 0 2600468
837096000 0 0 2 0 0 0 2600468
837099200 0 1 2 0 0 0 2600468
837102400 0 1 2 0 0 0 2600468
863000000 0 0 2 0 0 0 2600468
863003200 0 0 2 0 0 0 2600468
863006400 0 0 2 0 0 0 2600468
863009600 0 0 2 0 0 0 2600468
863012800 0 0 2 0 0 0 2600468
863016000 0 0 2 0 0 0 2600468
863019200 0 0 2 0 0 0 2600468
863022400 0 0 2 0 0 0 2600468
863025600 0 1 2 0 0 0 2600468
863028800 0 1 2 0 0 0 2600468
863032000 0 1 2 0 0 0 2600468
863035200 0 0 2 0 0 0 2600468
863038400 0 1 2 0 0 0 2600468
863041600 0 0 2 0 0 0 2600468
863044800 0 0 2 0 0 0 2600468
863048000 0 1 2 0 0 0 2600468
863051200 0 1 2 0 0 0 2600468
863054400 0 1 2 0 0 0 2600468
863057600 0 0 2 0 0 0 2600468
863060800 0 0 2 0 0 0 2600468
863064000 0 1 2 0 0 0 2600468
863067200 0 1 2 0 0 0 2600468
863070400 0 0 2 0 0 0 2600468
863073600 0 0 2 0 0 0 2600468
863076800 0 0 2 0 0 0 2600468
863080000 0 0 2 0 0 0 2600468
863083200 0 0 2 0 0 0 2600468
863086400 0 0 2 0 0 0 2600468
863089600 0 0 2 0 0 0 2600468
863092800 0 0 2 0 0 0 2600468
863096000 0 0 2 0 0 0 2600468
863099200 0 1 2 0 0 0 2600468
863102400 0 1 2 0 0 0 2600468
863105600 0 0 2 0 0 0 2600468
863108800 0 0 2 0 0 0 2600468
863112000 0 0 2 0 0 0 2600468
863115200 0 0 2 0 0 0 2600468
863118400 0 0 2 0 0 0 2600468
863121600 0 1 2 0 0 0 2600468
863124800 0 0 2 0 0 0 2600468
863128000 0 0 2 0 0 0 2600468
863131200 0 1 2 0 0 0 2600468
863134400 0 1 2 0 0 0 2600468
863137600 0 1 2 0 0 0 2600468
863140800 0 0 2 0 0 0 2600468
863144000 0 0 2 0 0 0 2600468
863147200 0 0 2 0 0 0 2600468
863150400 0 0 2 0 0 0 2600468
863153600 0 0 2 0 0 0 2600468
863156800 0 1 2 0 0 0 2600468
863160000 0 1 2 0 0 0 2600468
863163200 0 0 2 0 0 0 2600468
863166400 0 0 2 0 0 0 2600468
863169600 0 1 2 0 0 0 2600468
863172800 0 1 2 0 0 0 2600468
863176000 0 0 2 0 0 0 2600468
863179200 0 0 2 0 0 0 2600468
863182400 0 1 2 0 0 0 2600468
863185600 0 1 2 0 0 0 2600468
863188800 0 1 2 0 0 0 2600468
863192000 0 0 2 0 0 0 2600468
863195200 0 0 2 0 0 0 2600468
863198400 0 1 2 0 0 0 2600468
863201600 0 0 2 0 0 0 2600468
863204800 0 1 2 0 0 0 2600468
863208000 0 1 2 0 0 0 2600468
863211200 0 0 2 0 0 0 2600468
863214400 0 0 2 0 0 0 2600468
863217600 0 0 2 0 0 0 2600468
863220800 0 0 2 0 0 0 2600468
863224000 0 0 2 0 0 0 2600468
863227200 0 0 2 0 0 0 2600468
863230400 0 0 2 0 0 0 2600468
863233600 0 0 2 0 0 0 2600468
863236800 0 1 2 0 0 0 2600468
863240000 0 1 2 0 0 0 2600468
863243200 0 1 2 0 0 0 2600468
863246400 0 0 2 0 0 0 2600468
863249600 0 0 2 0 0 0 2600468
863252800 0 0 2 0 0 0 2600468
863256000 0 0 2 0 0 0 2600468
863259200 0 0 2 0 0 0 2600468
863262400 0 1 2 0 0 0 2600468
863265600 0 1 2 0 0 0 2600468
863268800 0 0 2 0 0 0 2600468
863272000 0 0 2 0 0 0 2600468
863275200 0 1 2 0 0 0 2600468
863278400 0 1 2 0 0 0 2600468
863281600 0 0 2 0 0 0 2600468
863284800 0 0 2 0 0 0 2600468
863288000 0 0 2 0 0 0 2600468
863291200 0 0 2 0 0 0 2600468
863294400 0 0 2 0 0 0 2600468
863297600 0 0 2 0 0 0 2600468
863300800 0 0 2 0 0 0 2600468
863304000 0 0 2 0 0 0 2600468
863307200 0 0 2 0 0 0 2600468
863310400 0 1 2 0 0 0 2600468
863313600 0 1 2 0 0 0 2600468
865000000 0 0 2 0 0 0 2600468
865003200 0 0 2 0 0 0 2600468
865006400 0 0 2 0 0 0 2600468
865009600 0 0 2 0 0 0 2600468
865012800 0 0 2 0 0 0 2600468
865016000 0 1 2 0 0 0 2600468
865019200 0 0 2 0 0 0 2600468
865022400 0 0 2 0 0 0 2600468
865025600 0 1 2 0 0 0 2600468
865028800 0 1 2 0 0 0 2600468
865032000 0 1 2 0 0 0 2600468
865035200 0 0 2 0 0 0 2600468
865038400 0 1 2 0 0 0 2600468
865041600 0 1 2 0 0 0 2600468
865044800 0 1 2 0 0 0 2600468
865048000 0 0 2 0 0 0 2600468
865051200 0 1 2 0 0 0 2600468
865054400 0 1 2 0 0 0 2600468
865057600 0 0 2 0 0 0 2600468
865060800 0 0 2 0 0 0 2600468
865064000 0 1 2 0 0 0 2600468
865067200 0 1 2 0 0 0 2600468
865070400 0 0 2 0 0 0 2600468
865073600 0 0 2 0 0 0 2600468
865076800 0 0 2 0 0 0 2600468
865080000 0 1 2 0 0 0 2600468
865083200 0 0 2 0 0 0 2600468
865086400 0 0 2 0 0 0 2600468
865089600 0 0 2 0 0 0 2600468
865092800 0 1 2 0 0 0 2600468
865096000 0 0 2 0 0 0 2600468
865099200 0 1 2 0 0 0 2600468
865102400 0 1 2 0 0 0 2600468
876000000 0 0 2 0 0 0 2600468
876003200 0 0 2 0 0 0 2600468
876006400 0 0 2 0 0 0 2600468
876009600 0 0 2 0 0 0 2600468
876012800 0 0 2 0 0 0 2600468
876016000 0 0 2 0 0 0 2600468
876019200 0 0 2 0 0 0 2600468
876022400 0 0 2 0 0 0 2600468
876025600 0 1 2 0 0 0 2600468
876028800 0 1 2 0 0 0 2600468
876032000 0 1 2 0 0 0 2600468
876035200 0 0 2 0 0 0 2600468
876038400 0 1 2 0 0 0 2600468
876041600 0 1 2 0 0 0 2600468
876044800 0 1 2 0 0 0 2600468
876048000 0 0 2 0 0 0 2600468
876051200 0 1 2 0 0 0 2600468
876054400 0 1 2 0 0 0 2600468
876057600 0 0 2 0 0 0 2600468
876060800 0 0 2 0 0 0 2600468
876064000 0 1 2 0 0 0 2600468
876067200 0 1 2 0 0 0 2600468
876070400 0 0 2 0 0 0 2600468
876073600 0 0 2 0 0 0 2600468
876076800 0 0 2 0 0 0 2600468
876080000 0 0 2 0 0 0 2600468
876083200 0 0 2 0 0 0 2600468
876086400 0 0 2 0 0 0 2600468
876089600 0 0 2 0 0 0 2600468
876092800 0 0 2 0 0 0 2600468
876096000 0 0 2 0 0 0 2600468
876099200 0 1 2 0 0 0 2600468
876102400 0 1 2 0 0 0 2600468
884000000 0 0 2 0 0 0 2600468
884003200 0 0 2 0 0 0 2600468
884006400 0 0 2 0 0 0 2600468
884009600 0 0 2 0 0 0 2600468
884012800 0 0 2 0 0 0 2600468
884016000 0 1 2 0 0 0 2600468
884019200 0 0 2 0 0 0 2600468
884022400 0 0 2 0 0 0 2600468
884025600 0 1 2 0 0 0 2600468
884028800 0 1 2 0 0 0 2600468
884032000 0 1 2 0 0 0 2600468
884035200 0 0 2 0 0 0 2600468
884038400 0 0 2 0 0 0 2600468
884041600 0 0 2 0 0 0 2600468
884044800 0 1 2 0 0 0 2600468
884048000 0 1 2 0 0 0 2600468
884051200 0 1 2 0 0 0 2600468
884054400 0 1 2 0 0 0 2600468
884057600 0 0 2 0 0 0 2600468
884060800 0 0 2 0 0 0 2600468
884064000 0 1 2 0 0 0 2600468
884067200 0 1 2 0 0 0 2600468
884070400 0 0 2 0 0 0 2600468
884073600 0 0 2 0 0 0 2600468
884076800 0 1 2 0 0 0 2600468
884080000 0 1 2 0 0 0 2600468
884083200 0 1 2 0 0 0 2600468
884086400 0 0 2 0 0 0 2600468
884089600 0 0 2 0 0 0 2600468
884092800 0 1 2 0 0 0 2600468
884096000 0 0 2 0 0 0 2600468
884099200 0 1 2 0 0 0 2600468
884102400 0 1 2 0 0 0 2600468
910000000 0 0 2 0 0 0 2600468
910003200 0 0 2 0 0 0 2600468
910006400 0 0 2 0 0 0 2600468
910009600 0 0 2 0 0 0 2600468
910012800 0 0 2 0 0 0 2600468
910016000 0 0 2 0 0 0 2600468
910019200 0 0 2 0 0 0 2600468
910022400 0 0 2 0 0 0 2600468
910025600 0 1 2 0 0 0 2600468
910028800 0 1 2 0 0 0 2600468
910032000 0 1 2 0 0 0 2600468
910035200 0 0 2 0 0 0 2600468
910038400 0 0 2 0 0 0 2600468
910041600 0 0 2 0 0 0 2600468
910044800 0 1 2 0 0 0 2600468
910048000 0 1 2 0 0 0 2600468
910051200 0 1 2 0 0 0 2600468
910054400 0 1 2 0 0 0 2600468
910057600 0 0 2 0 0 0 2600468
910060800 0 0 2 0 0 0 2600468
910064000 0 1 2 0 0 0 2600468
910067200 0 1 2 0 0 0 2600468
910070400 0 0 2 0 0 0 2600468
910073600 0 0 2 0 0 0 2600468
910076800 0 0 2 0 0 0 2600468
910080000 0 0 2 0 0 0 2600468
910083200 0 0 2 0 0 0 2600468
910086400 0 0 2 0 0 0 2600468
910089600 0 0 2 0 0 0 2600468
910092800 0 0 2 0 0 0 2600468
910096000 0 0 2 0 0 0 2600468
910099200 0 1 2 0 0 0 2600468
910102400 0 1 2 0 0 0 2600468
910105600 0 0 2 0 0 0 2600468
910108800 0 0 2 0 0 0 2600468
910112000 0 0 2 0 0 0 2600468
910115200 0 0 2 0 0 0 2600468
910118400 0 0 2 0 0 0 2600468
910121600 0 1 2 0 0 0 2600468
910124800 0 0 2 0 0 0 2600468
910128000 0 0 2 0 0 0 2600468
910131200 0 1 2 0 0 0 2600468
910134400 0 1 2 0 0 0 2600468
910137600 0 1 2 0 0 0 2600468
910140800 0 0 2 0 0 0 2600468
910144000 0 0 2 0 0 0 2600468
910147200 0 1 2 0 0 0 2600468
910150400 0 0 2 0 0 0 2600468
910153600 0 0 2 0 0 0 2600468
910156800 0 1 2 0 0 0 2600468
910160000 0 1 2 0 0 0 2600468
910163200 0 0 2 0 0 0 2600468
910166400 0 0 2 0 0 0 2600468
910169600 0 1 2 0 0 0 2600468
910172800 0 1 2 0 0 0 2600468
910176000 0 0 2 0 0 0 2600468
910179200 0 0 2 0 0 0 2600468
910182400 0 0 2 0 0 0 2600468
910185600 0 0 2 0 0 0 2600468
910188800 0 1 2 0 0 0 2600468
910192000 0 1 2 0 0 0 2600468
910195200 0 0 2 0 0 0 2600468
910198400 0 1 2 0 0 0 2600468
910201600 0 0 2 0 0 0 2600468
910204800 0 1 2 0 0 0 2600468
910208000 0 1 2 0 0 0 2600468
910211200 0 0 2 0 0 0 2600468
910214400 0 0 2 0 0 0 2600468
910217600 0 0 2 0 0 0 2600468
910220800 0 0 2 0 0 0 2600468
910224000 0 0 2 0 0 0 2600468
910227200 0 0 2 0 0 0 2600468
910230400 0 0 2 0 0 0 2600468
910233600 0 0 2 0 0 0 2600468
910236800 0 1 2 0 0 0 2600468
910240000 0 1 2 0 0 0 2600468
910243200 0 1 2 0 0 0 2600468
910246400 0 0 2 0 0 0 2600468
910249600 0 0 2 0 0 0 2600468
910252800 0 1 2 0 0 0 2600468
910256000 0 0 2 0 0 0 2600468
910259200 0 0 2 0 0 0 2600468
910262400 0 1 2 0 0 0 2600468
910265600 0 1 2 0 0 0 2600468
910268800 0 0 2 0 0 0 2600468
910272000 0 0 2 0 0 0 2600468
910275200 0 1 2 0 0 0 2600468
910278400 0 1 2 0 0 0 2600468
910281600 0 0 2 0 0 0 2600468
910284800 0 0 2 0 0 0 2600468
910288000 0 0 2 0 0 0 2600468
910291200 0 0 2 0 0 0 2600468
910294400 0 0 2 0 0 0 2600468
910297600 0 0 2 0 0 0 2600468
910300800 0 0 2 0 0 0 2600468
910304000 0 0 2 0 0 0 2600468
910307200 0 0 2 0 0 0 2600468
910310400 0 1 2 0 0 0 2600468
910313600 0 1 2 0 0 0 2600468
910316800 0 0 2 0 0 0 2600468
910320000 0 0 2 0 0 0 2600468
910323200 0 0 2 0 0 0 2600468
910326400 0 0 2 0 0 0 2600468
910329600 0 0 2 0 0 0 2600468
910332800 0 1 2 0 0 0 2600468
910336000 0 0 2 0 0 0 2600468
910339200 0 0 2 0 0 0 2600468
910342400 0 1 2 0 0 0 2600468
910345600 0 1 2 0 0 0 2600468
910348800 0 1 2 0 0 0 2600468
910352000 0 0 2 0 0 0 2600468
910355200 0 0 2 0 0 0 2600468
910358400 0 1 2 0 0 0 2600468
910361600 0 1 2 0 0 0 2600468
910364800 0 1 2 0 0 0 2600468
910368000 0 1 2 0 0 0 2600468
910371200 0 1 2 0 0 0 2600468
910374400 0 0 2 0 0 0 2600468
910377600 0 0 2 0 0 0 2600468
910380800 0 1 2 0 0 0 2600468
910384000 0 1 2 0 0 0 2600468
910387200 0 0 2 0 0 0 2600468
910390400 0 0 2 0 0 0 2600468
910393600 0 1 2 0 0 0 2600468
910396800 0 0 2 0 0 0 2600468
910400000 0 1 2 0 0 0 2600468
910403200 0 1 2 0 0 0 2600468
910406400 0 1 2 0 0 0 2600468
910409600 0 0 2 0 0 0 2600468
910412800 0 0 2 0 0 0 2600468
910416000 0 1 2 0 0 0 2600468
910419200 0 1 2 0 0 0 2600468
910422400 0 0 2 0 0 0 2600468
910425600 0 0 2 0 0 0 2600468
910428800 0 0 2 0 0 0 2600468
910432000 0 0 2 0 0 0 2600468
910435200 0 0 2 0 0 0 2600468
910438400 0 0 2 0 0 0 2600468
910441600 0 0 2 0 0 0 2600468
910444800 0 0 2 0 0 0 2600468
910448000 0 1 2 0 0 0 2600468
910451200 0 1 2 0 0 0 2600468
910454400 0 1 2 0 0 0 2600468
910457600 0 0 2 0 0 0 2600468
910460800 0 0 2 0 0 0 2600468
910464000 0 1 2 0 0 0 2600468
910467200 0 1 2 0 0 0 2600468
910470400 0 1 2 0 0 0 2600468
910473600 0 1 2 0 0 0 2600468
910476800 0 1 2 0 0 0 2600468
910480000 0 0 2 0 0 0 2600468
910483200 0 0 2 0 0 0 2600468
910486400 0 1 2 0 0 0 2600468
910489600 0 1 2 0 0 0 2600468
910492800 0 0 2 0 0 0 2600468
910496000 0 0 2 0 0 0 2600468
910499200 0 0 2 0 0 0 2600468
910502400 0 0 2 0 0 0 2600468
910505600 0 0 2 0 0 0 2600468
910508800 0 0 2 0 0 0 2600468
910512000 0 0 2 0 0 0 2600468
910515200 0 0 2 0 0 0 2600468
910518400 0 0 2 0 0 0 2600468
910521600 0 1 2 0 0 0 2600468
910524800 0 1 2 0 0 0 2600468
910528000 0 0 2 0 0 0 2600468
910531200 0 0 2 0 0 0 2600468
910534400 0 0 2 0 0 0 2600468
910537600 0 0 2 0 0 0 2600468
910540800 0 0 2 0 0 0 2600468
910544000 0 1 2 0 0 0 2600468
910547200 0 0 2 0 0 0 2600468
910550400 0 0 2 0 0 0 2600468
910553600 0 1 2 0 0 0 2600468
910556800 0 1 2 0 0 0 2600468
910560000 0 1 2 0 0 0 2600468
910563200 0 0 2 0 0 0 2600468
910566400 0 1 2 0 0 0 2600468
910569600 0 0 2 0 0 0 2600468
910572800 0 1 2 0 0 0 2600468
910576000 0 1 2 0 0 0 2600468
910579200 0 0 2 0 0 0 2600468
910582400 0 1 2 0 0 0 2600468
910585600 0 0 2 0 0 0 2600468
910588800 0 0 2 0 0 0 2600468
910592000 0 1 2 0 0 0 2600468
910595200 0 1 2 0 0 0 2600468
910598400 0 0 2 0 0 0 2600468
910601600 0 0 2 0 0 0 2600468
910604800 0 0 2 0 0 0 2600468
910608000 0 0 2 0 0 0 2600468
910611200 0 0 2 0 0 0 2600468
910614400 0 0 2 0 0 0 2600468
910617600 0 1 2 0 0 0 2600468
910620800 0 1 2 0 0 0 2600468
910624000 0 0 2 0 0 0 2600468
910627200 0 1 2 0 0 0 2600468
910630400 0 1 2 0 0 0 2600468
916000000 0 0 2 0 0 0 2600468
916003200 0 0 2 0 0 0 2600468
916006400 0 0 2 0 0 0 2600468
916009600 0 0 2 0 0 0 2600468
916012800 0 0 2 0 0 0 2600468
916016000 0 0 2 0 0 0 2600468
916019200 0 0 2 0 0 0 2600468
916022400 0 0 2 0 0 0 2600468
916025600 0 1 2 0 0 0 2600468
916028800 0 1 2 0 0 0 2600468
916032000 0 1 2 0 0 0 2600468
916035200 0 0 2 0 0 0 2600468
916038400 0 1 2 0 0 0 2600468
916041600 0 0 2 0 0 0 2600468
916044800 0 1 2 0 0 0 2600468
916048000 0 1 2 0 0 0 2600468
916051200 0 0 2 0 0 0 2600468
916054400 0 1 2 0 0 0 2600468
916057600 0 0 2 0 0 0 2600468
916060800 0 0 2 0 0 0 2600468
916064000 0 1 2 0 0 0 2600468
916067200 0 1 2 0 0 0 2600468
916070400 0 0 2 0 0 0 2600468
916073600 0 0 2 0 0 0 2600468
916076800 0 0 2 0 0 0 2600468
916080000 0 0 2 0 0 0 2600468
916083200 0 0 2 0 0 0 2600468
916086400 0 0 2 0 0 0 2600468
916089600 0 0 2 0 0 0 2600468
916092800 0 0 2 0 0 0 2600468
916096000 0 0 2 0 0 0 2600468
916099200 0 1 2 0 0 0 2600468
916102400 0 1 2 0 0 0 2600468
925000000 0 0 2 0 0 0 2600468
925003200 0 0 2 0 0 0 2600468
925006400 0 0 2 0 0 0 2600468
925009600 0 0 2 0 0 0 2600468
925012800 0 0 2 0 0 0 2600468
925016000 0 1 2 0 0 0 2600468
925019200 0 0 2 0 0 0 2600468
925022400 0 0 2 0 0 0 2600468
925025600 0 1 2 0 0 0 2600468
925028800 0 1 2 0 0 0 2600468
925032000 0 1 2 0 0 0 2600468
925035200 0 0 2 0 0 0 2600468
925038400 0 0 2 0 0 0 2600468
925041600 0 0 2 0 0 0 2600468
925044800 0 1 2 0 0 0 2600468
925048000 0 0 2 0 0 0 2600468
925051200 0 1 2 0 0 0 2600468
925054400 0 1 2 0 0 0 2600468
925057600 0 0 2 0 0 0 2600468
925060800 0 0 2 0 0 0 2600468
925064000 0 1 2 0 0 0 2600468
925067200 0 1 2 0 0 0 2600468
925070400 0 0 2 0 0 0 2600468
925073600 0 0 2 0 0 0 2600468
925076800 0 1 2 0 0 0 2600468
925080000 0 1 2 0 0 0 2600468
925083200 0 1 2 0 0 0 2600468
925086400 0 1 2 0 0 0 2600468
925089600 0 1 2 0 0 0 2600468
925092800 0 0 2 0 0 0 2600468
925096000 0 0 2 0 0 0 2600468
925099200 0 1 2 0 0 0 2600468
925102400 0 1 2 0 0 0 2600468
936000000 0 0 2 0 0 0 2600468
936003200 0 0 2 0 0 0 2600468
936006400 0 0 2 0 0 0 2600468
936009600 0 0 2 0 0 0 2600468
936012800 0 0 2 0 0 0 2600468
936016000 0 0 2 0 0 0 2600468
936019200 0 0 2 0 0 0 2600468
936022400 0 0 2 0 0 0 2600468
936025600 0 1 2 0 0 0 2600468
936028800 0 1 2 0 0 0 2600468
936032000 0 1 2 0 0 0 2600468
936035200 0 0 2 0 0 0 2600468
936038400 0 0 2 0 0 0 2600468
936041600 0 0 2 0 0 0 2600468
936044800 0 1 2 0 0 0 2600468
936048000 0 0 2 0 0 0 2600468
936051200 0 1 2 0 0 0 2600468
936054400 0 1 2 0 0 0 2600468
936057600 0 0 2 0 0 0 2600468
936060800 0 0 2 0 0 0 2600468
936064000 0 1 2 0 0 0 2600468
936067200 0 1 2 0 0 0 2600468
936070400 0 0 2 0 0 0 2600468
936073600 0 0 2 0 0 0 2600468
936076800 0 0 2 0 0 0 2600468
936080000 0 0 2 0 0 0 2600468
936083200 0 0 2 0 0 0 2600468
936086400 0 0 2 0 0 0 2600468
936089600 0 0 2 0 0 0 2600468
936092800 0 0 2 0 0 0 2600468
936096000 0 0 2 0 0 0 2600468
936099200 0 1 2 0 0 0 2600468
936102400 0 1 2 0 0 0 2600468
936105600 0 0 2 0 0 0 2600468
936108800 0 0 2 0 0 0 2600468
936112000 0 0 2 0 0 0 2600468
936115200 0 0 2 0 0 0 2600468
936118400 0 0 2 0 0 0 2600468
936121600 0 1 2 0 0 0 2600468
936124800 0 0 2 0 0 0 2600468
936128000 0 0 2 0 0 0 2600468
936131200 0 1 2 0 0 0 2600468
936134400 0 1 2 0 0 0 2600468
936137600 0 1 2 0 0 0 2600468
936140800 0 0 2 0 0 0 2600468
936144000 0 0 2 0 0 0 2600468
936147200 0 0 2 0 0 0 2600468
936150400 0 0 2 0 0 0 2600468
936153600 0 0 2 0 0 0 2600468
936156800 0 0 2 0 0 0 2600468
936160000 0 0 2 0 0 0 2600468
936163200 0 1 2 0 0 0 2600468
936166400 0 0 2 0 0 0 2600468
936169600 0 1 2 0 0 0 2600468
936172800 0 1 2 0 0 0 2600468
936176000 0 0 2 0 0 0 2600468
936179200 0 0 2 0 0 0 2600468
936182400 0 0 2 0 0 0 2600468
936185600 0 1 2 0 0 0 2600468
936188800 0 0 2 0 0 0 2600468
936192000 0 1 2 0 0 0 2600468
936195200 0 0 2 0 0 0 2600468
936198400 0 1 2 0 0 0 2600468
936201600 0 0 2 0 0 0 2600468
936204800 0 1 2 0 0 0 2600468
936208000 0 1 2 0 0 0 2600468
957000000 0 0 2 0 0 0 2600468
957003200 0 0 2 0 0 0 2600468
957006400 0 0 2 0 0 0 2600468
957009600 0 0 2 0 0 0 2600468
957012800 0 0 2 0 0 0 2600468
957016000 0 0 2 0 0 0 2600468
957019200 0 0 2 0 0 0 2600468
957022400 0 0 2 0 0 0 2600468
957025600 0 1 2 0 0 0 2600468
957028800 0 1 2 0 0 0 2600468
957032000 0 1 2 0 0 0 2600468
957035200 0 0 2 0 0 0 2600468
957038400 0 0 2 0 0 0 2600468
957041600 0 0 2 0 0 0 2600468
957044800 0 0 2 0 0 0 2600468
957048000 0 0 2 0 0 0 2600468
957051200 0 0 2 0 0 0 2600468
957054400 0 0 2 0 0 0 2600468
957057600 0 1 2 0 0 0 2600468
957060800 0 0 2 0 0 0 2600468
957064000 0 1 2 0 0 0 2600468
957067200 0 1 2 0 0 0 2600468
957070400 0 0 2 0 0 0 2600468
957073600 0 0 2 0 0 0 2600468
957076800 0 0 2 0 0 0 2600468
957080000 0 0 2 0 0 0 2600468
957083200 0 0 2 0 0 0 2600468
957086400 0 0 2 0 0 0 2600468
957089600 0 0 2 0 0 0 2600468
957092800 0 0 2 0 0 0 2600468
957096000 0 0 2 0 0 0 2600468
957099200 0 1 2 0 0 0 2600468
957102400 0 1 2 0 0 0 2600468
957105600 0 0 2 0 0 0 2600468
957108800 0 0 2 0 0 0 2600468
957112000 0 0 2 0 0 0 2600468
957115200 0 0 2 0 0 0 2600468
957118400 0 0 2 0 0 0 2600468
957121600 0 1 2 0 0 0 2600468
957124800 0 0 2 0 0 0 2600468
957128000 0 0 2 0 0 0 2600468
957131200 0 1 2 0 0 0 2600468
957134400 0 1 2 0 0 0 2600468
957137600 0 1 2 0 0 0 2600468
957140800 0 0 2 0 0 0 2600468
957144000 0 1 2 0 0 0 2600468
957147200 0 0 2 0 0 0 2600468
957150400 0 0 2 0 0 0 2600468
957153600 0 1 2 0 0 0 2600468
957156800 0 1 2 0 0 0 2600468
957160000 0 1 2 0 0 0 2600468
957163200 0 0 2 0 0 0 2600468
957166400 0 0 2 0 0 0 2600468
957169600 0 1 2 0 0 0 2600468
957172800 0 1 2 0 0 0 2600468
957176000 0 0 2 0 0 0 2600468
957179200 0 0 2 0 0 0 2600468
957182400 0 1 2 0 0 0 2600468
957185600 0 1 2 0 0 0 2600468
957188800 0 1 2 0 0 0 2600468
957192000 0 0 2 0 0 0 2600468
957195200 0 0 2 0 0 0 2600468
957198400 0 1 2 0 0 0 2600468
957201600 0 0 2 0 0 0 2600468
957204800 0 1 2 0 0 0 2600468
957208000 0 1 2 0 0 0 2600468
957211200 0 0 2 0 0 0 2600468
957214400 0 0 2 0 0 0 2600468
957217600 0 0 2 0 0 0 2600468
957220800 0 0 2 0 0 0 2600468
957224000 0 0 2 0 0 0 2600468
957227200 0 0 2 0 0 0 2600468
957230400 0 0 2 0 0 0 2600468
957233600 0 0 2 0 0 0 2600468
957236800 0 1 2 0 0 0 2600468
957240000 0 1 2 0 0 0 2600468
957243200 0 1 2 0 0 0 2600468
957246400 0 0 2 0 0 0 2600468
957249600 0 1 2 0 0 0 2600468
957252800 0 0 2 0 0 0 2600468
957256000 0 0 2 0 0 0 2600468
957259200 0 1 2 0 0 0 2600468
957262400 0 1 2 0 0 0 2600468
957265600 0 1 2 0 0 0 2600468
957268800 0 0 2 0 0 0 2600468
957272000 0 0 2 0 0 0 2600468
957275200 0 1 2 0 0 0 2600468
957278400 0 1 2 0 0 0 2600468
957281600 0 0 2 0 0 0 2600468
957284800 0 0 2 0 0 0 2600468
957288000 0 0 2 0 0 0 2600468
957291200 0 0 2 0 0 0 2600468
957294400 0 0 2 0 0 0 2600468
957297600 0 0 2 0 0 0 2600468
957300800 0 0 2 0 0 0 2600468
957304000 0 0 2 0 0 0 2600468
957307200 0 0 2 0 0 0 2600468
957310400 0 1 2 0 0 0 2600468
957313600 0 1 2 0 0 0 2600468
