0 1 1 0 0 0 0 0
64 0 1 0 0 0 0 0
100000 0 1 0 1 0 0 0
100002 0 1 0 0 0 0 0
600000 0 1 0 0 1 3 167772
600002 0 1 0 0 0 3 167772
800000 0 1 0 0 1 0 2097152
800002 0 1 0 0 0 0 2097152
2000000 0 0 0 0 0 0 2097152
2003200 0 0 0 0 0 0 2097152
2006400 0 0 0 0 0 0 2097152
2009600 0 0 0 0 0 0 2097152
2012800 0 0 0 0 0 0 2097152
2016000 0 1 0 0 0 0 2097152
2019200 0 0 0 0 0 0 2097152
2022400 0 0 0 0 0 0 2097152
2025600 0 1 0 0 0 0 2097152
2028800 0 1 0 0 0 0 2097152
2032000 0 1 0 0 0 0 2097152
2035200 0 0 0 0 0 0 2097152
2038400 0 1 0 0 0 0 2097152
2041600 0 0 0 0 0 0 2097152
2044800 0 1 0 0 0 0 2097152
2048000 0 1 0 0 0 0 2097152
2051200 0 0 0 0 0 0 2097152
2054400 0 1 0 0 0 0 2097152
2057600 0 0 0 0 0 0 2097152
2060800 0 0 0 0 0 0 2097152
2064000 0 1 0 0 0 0 2097152
2067200 0 1 0 0 0 0 2097152
2070400 0 0 0 0 0 0 2097152
2073600 0 0 0 0 0 0 2097152
2076800 0 0 0 0 0 0 2097152
2080000 0 1 0 0 0 0 2097152
2083200 0 0 0 0 0 0 2097152
2086400 0 0 0 0 0 0 2097152
2089600 0 1 0 0 0 0 2097152
2092800 0 1 0 0 0 0 2097152
2096000 0 0 0 0 0 0 2097152
2099200 0 1 0 0 0 0 2097152
2102400 0 1 0 0 0 0 2097152
2105600 0 0 0 0 0 0 2097152
2108800 0 0 0 0 0 0 2097152
2112000 0 0 0 0 0 0 2097152
2115200 0 0 0 0 0 0 2097152
2118400 0 0 0 0 0 0 2097152
2121600 0 1 0 0 0 0 2097152
2124800 0 0 0 0 0 0 2097152
2128000 0 0 0 0 0 0 2097152
2131200 0 1 0 0 0 0 2097152
2134400 0 1 0 0 0 0 2097152
2137600 0 1 0 0 0 0 2097152
2140800 0 0 0 0 0 0 2097152
2144000 0 1 0 0 0 0 2097152
2147200 0 0 0 0 0 0 2097152
2150400 0 1 0 0 0 0 2097152
2153600 0 0 0 0 0 0 2097152
2156800 0 0 0 0 0 0 2097152
2160000 0 0 0 0 0 0 2097152
2163200 0 1 0 0 0 0 2097152
2166400 0 0 0 0 0 0 2097152
2169600 0 1 0 0 0 0 2097152
2172800 0 1 0 0 0 0 2097152
2176000 0 0 0 0 0 0 2097152
2179200 0 0 0 0 0 0 2097152
2182400 0 0 0 0 0 0 2097152
2185600 0 0 0 0 0 0 2097152
2188800 0 0 0 0 0 0 2097152
2192000 0 0 0 0 0 0 2097152
2195200 0 1 0 0 0 0 2097152
2198400 0 1 0 0 0 0 2097152
2201600 0 0 0 0 0 0 2097152
2204800 0 1 0 0 0 0 2097152
2208000 0 1 0 0 0 0 2097152
22000000 0 0 0 0 0 0 2097152
22003200 0 0 0 0 0 0 2097152
22006400 0 0 0 0 0 0 2097152
22009600 0 0 0 0 0 0 2097152
22012800 0 0 0 0 0 0 2097152
22016000 0 0 0 0 0 0 2097152
22019200 0 0 0 0 0 0 2097152
22022400 0 0 0 0 0 0 2097152
22025600 0 1 0 0 0 0 2097152
22028800 0 1 0 0 0 0 2097152
22032000 0 1 0 0 0 0 2097152
22035200 0 0 0 0 0 0 2097152
22038400 0 1 0 0 0 0 2097152
22041600 0 0 0 0 0 0 2097152
22044800 0 1 0 0 0 0 2097152
22048000 0 0 0 0 0 0 2097152
22051200 0 0 0 0 0 0 2097152
22054400 0 0 0 0 0 0 2097152
22057600 0 1 0 0 0 0 2097152
22060800 0 0 0 0 0 0 2097152
22064000 0 1 0 0 0 0 2097152
22067200 0 1 0 0 0 0 2097152
22070400 0 0 0 0 0 0 2097152
22073600 0 0 0 0 0 0 2097152
22076800 0 0 0 0 0 0 2097152
22080000 0 0 0 0 0 0 2097152
22083200 0 0 0 0 0 0 2097152
22086400 0 0 0 0 0 0 2097152
22089600 0 0 0 0 0 0 2097152
22092800 0 0 0 0 0 0 2097152
22096000 0 0 0 0 0 0 2097152
22099200 0 1 0 0 0 0 2097152
22102400 0 1 0 0 0 0 2097152
27000000 0 0 0 0 0 0 2097152
27003200 0 0 0 0 0 0 2097152
27006400 0 0 0 0 0 0 2097152
27009600 0 0 0 0 0 0 2097152
27012800 0 0 0 0 0 0 2097152
27016000 0 1 0 0 0 0 2097152
27019200 0 0 0 0 0 0 2097152
27022400 0 0 0 0 0 0 2097152
27025600 0 1 0 0 0 0 2097152
27028800 0 1 0 0 0 0 2097152
27032000 0 1 0 0 0 0 2097152
27035200 0 0 0 0 0 0 2097152
27038400 0 0 0 0 0 0 2097152
27041600 0 0 0 0 0 0 2097152
27044800 0 0 0 0 0 0 2097152
27048000 0 1 0 0 0 0 2097152
27051200 0 0 0 0 0 0 2097152
27054400 0 0 0 0 0 0 2097152
27057600 0 1 0 0 0 0 2097152
27060800 0 0 0 0 0 0 2097152
27064000 0 1 0 0 0 0 2097152
27067200 0 1 0 0 0 0 2097152
27070400 0 0 0 0 0 0 2097152
27073600 0 0 0 0 0 0 2097152
27076800 0 0 0 0 0 0 2097152
27080000 0 1 0 0 0 0 2097152
27083200 0 0 0 0 0 0 2097152
27086400 0 1 0 0 0 0 2097152
27089600 0 0 0 0 0 0 2097152
27092800 0 1 0 0 0 0 2097152
27096000 0 0 0 0 0 0 2097152
27099200 0 1 0 0 0 0 2097152
27102400 0 1 0 0 0 0 2097152
39500000 0 0 0 0 0 0 2097152
39503200 0 0 0 0 0 0 2097152
39506400 0 0 0 0 0 0 2097152
39509600 0 0 0 0 0 0 2097152
39512800 0 0 0 0 0 0 2097152
39516000 0 1 0 0 0 0 2097152
39519200 0 0 0 0 0 0 2097152
39522400 0 0 0 0 0 0 2097152
39525600 0 1 0 0 0 0 2097152
39528800 0 1 0 0 0 0 2097152
39532000 0 1 0 0 0 0 2097152
39535200 0 0 0 0 0 0 2097152
39538400 0 0 0 0 0 0 2097152
39541600 0 1 0 0 0 0 2097152
39544800 0 0 0 0 0 0 2097152
39548000 0 1 0 0 0 0 2097152
39551200 0 0 0 0 0 0 2097152
39554400 0 0 0 0 0 0 2097152
39557600 0 1 0 0 0 0 2097152
39560800 0 0 0 0 0 0 2097152
39564000 0 1 0 0 0 0 2097152
39567200 0 1 0 0 0 0 2097152
39570400 0 0 0 0 0 0 2097152
39573600 0 0 0 0 0 0 2097152
39576800 0 0 0 0 0 0 2097152
39580000 0 1 0 0 0 0 2097152
39583200 0 0 0 0 0 0 2097152
39586400 0 1 0 0 0 0 2097152
39589600 0 0 0 0 0 0 2097152
39592800 0 1 0 0 0 0 2097152
39596000 0 0 0 0 0 0 2097152
39599200 0 1 0 0 0 0 2097152
39602400 0 1 0 0 0 0 2097152
47000000 0 0 0 0 0 0 2097152
47003200 0 0 0 0 0 0 2097152
47006400 0 0 0 0 0 0 2097152
47009600 0 0 0 0 0 0 2097152
47012800 0 0 0 0 0 0 2097152
47016000 0 0 0 0 0 0 2097152
47019200 0 0 0 0 0 0 2097152
47022400 0 0 0 0 0 0 2097152
47025600 0 1 0 0 0 0 2097152
47028800 0 1 0 0 0 0 2097152
47032000 0 1 0 0 0 0 2097152
47035200 0 0 0 0 0 0 2097152
47038400 0 0 0 0 0 0 2097152
47041600 0 0 0 0 0 0 2097152
47044800 0 0 0 0 0 0 2097152
47048000 0 1 0 0 0 0 2097152
47051200 0 0 0 0 0 0 2097152
47054400 0 0 0 0 0 0 2097152
47057600 0 1 0 0 0 0 2097152
47060800 0 0 0 0 0 0 2097152
47064000 0 1 0 0 0 0 2097152
47067200 0 1 0 0 0 0 2097152
47070400 0 0 0 0 0 0 2097152
47073600 0 0 0 0 0 0 2097152
47076800 0 0 0 0 0 0 2097152
47080000 0 0 0 0 0 0 2097152
47083200 0 0 0 0 0 0 2097152
47086400 0 0 0 0 0 0 2097152
47089600 0 0 0 0 0 0 2097152
47092800 0 0 0 0 0 0 2097152
47096000 0 0 0 0 0 0 2097152
47099200 0 1 0 0 0 0 2097152
47102400 0 1 0 0 0 0 2097152
52000000 0 0 0 0 0 0 2097152
52003200 0 0 0 0 0 0 2097152
52006400 0 0 0 0 0 0 2097152
52009600 0 0 0 0 0 0 2097152
52012800 0 0 0 0 0 0 2097152
52016000 0 1 0 0 0 0 2097152
52019200 0 0 0 0 0 0 2097152
52022400 0 0 0 0 0 0 2097152
52025600 0 1 0 0 0 0 2097152
52028800 0 1 0 0 0 0 2097152
52032000 0 1 0 0 0 0 2097152
52035200 0 0 0 0 0 0 2097152
52038400 0 0 0 0 0 0 2097152
52041600 0 0 0 0 0 0 2097152
52044800 0 1 0 0 0 0 2097152
52048000 0 1 0 0 0 0 2097152
52051200 0 0 0 0 0 0 2097152
52054400 0 0 0 0 0 0 2097152
52057600 0 1 0 0 0 0 2097152
52060800 0 0 0 0 0 0 2097152
52064000 0 1 0 0 0 0 2097152
52067200 0 1 0 0 0 0 2097152
52070400 0 0 0 0 0 0 2097152
52073600 0 0 0 0 0 0 2097152
52076800 0 0 0 0 0 0 2097152
52080000 0 0 0 0 0 0 2097152
52083200 0 0 0 0 0 0 2097152
52086400 0 0 0 0 0 0 2097152
52089600 0 1 0 0 0 0 2097152
52092800 0 1 0 0 0 0 2097152
52096000 0 0 0 0 0 0 2097152
52099200 0 1 0 0 0 0 2097152
52102400 0 1 0 0 0 0 2097152
59500000 0 0 0 0 0 0 2097152
59503200 0 0 0 0 0 0 2097152
59506400 0 0 0 0 0 0 2097152
59509600 0 0 0 0 0 0 2097152
59512800 0 0 0 0 0 0 2097152
59516000 0 0 0 0 0 0 2097152
59519200 0 0 0 0 0 0 2097152
59522400 0 0 0 0 0 0 2097152
59525600 0 1 0 0 0 0 2097152
59528800 0 1 0 0 0 0 2097152
59532000 0 1 0 0 0 0 2097152
59535200 0 0 0 0 0 0 2097152
59538400 0 0 0 0 0 0 2097152
59541600 0 1 0 0 0 0 2097152
59544800 0 0 0 0 0 0 2097152
59548000 0 1 0 0 0 0 2097152
59551200 0 0 0 0 0 0 2097152
59554400 0 0 0 0 0 0 2097152
59557600 0 1 0 0 0 0 2097152
59560800 0 0 0 0 0 0 2097152
59564000 0 1 0 0 0 0 2097152
59567200 0 1 0 0 0 0 2097152
59570400 0 0 0 0 0 0 2097152
59573600 0 0 0 0 0 0 2097152
59576800 0 0 0 0 0 0 2097152
59580000 0 0 0 0 0 0 2097152
59583200 0 0 0 0 0 0 2097152
59586400 0 0 0 0 0 0 2097152
59589600 0 0 0 0 0 0 2097152
59592800 0 0 0 0 0 0 2097152
59596000 0 0 0 0 0 0 2097152
59599200 0 1 0 0 0 0 2097152
59602400 0 1 0 0 0 0 2097152
72000000 0 0 0 0 0 0 2097152
72003200 0 0 0 0 0 0 2097152
72006400 0 0 0 0 0 0 2097152
72009600 0 0 0 0 0 0 2097152
72012800 0 0 0 0 0 0 2097152
72016000 0 0 0 0 0 0 2097152
72019200 0 0 0 0 0 0 2097152
72022400 0 0 0 0 0 0 2097152
72025600 0 1 0 0 0 0 2097152
72028800 0 1 0 0 0 0 2097152
72032000 0 1 0 0 0 0 2097152
72035200 0 0 0 0 0 0 2097152
72038400 0 0 0 0 0 0 2097152
72041600 0 0 0 0 0 0 2097152
72044800 0 1 0 0 0 0 2097152
72048000 0 1 0 0 0 0 2097152
72051200 0 0 0 0 0 0 2097152
72054400 0 0 0 0 0 0 2097152
72057600 0 1 0 0 0 0 2097152
72060800 0 0 0 0 0 0 2097152
72064000 0 1 0 0 0 0 2097152
72067200 0 1 0 0 0 0 2097152
72070400 0 0 0 0 0 0 2097152
72073600 0 0 0 0 0 0 2097152
72076800 0 0 0 0 0 0 2097152
72080000 0 0 0 0 0 0 2097152
72083200 0 0 0 0 0 0 2097152
72086400 0 0 0 0 0 0 2097152
72089600 0 0 0 0 0 0 2097152
72092800 0 0 0 0 0 0 2097152
72096000 0 0 0 0 0 0 2097152
72099200 0 1 0 0 0 0 2097152
72102400 0 1 0 0 0 0 2097152
77000000 0 0 0 0 0 0 2097152
77003200 0 0 0 0 0 0 2097152
77006400 0 0 0 0 0 0 2097152
77009600 0 0 0 0 0 0 2097152
77012800 0 0 0 0 0 0 2097152
77016000 0 1 0 0 0 0 2097152
77019200 0 0 0 0 0 0 2097152
77022400 0 0 0 0 0 0 2097152
77025600 0 1 0 0 0 0 2097152
77028800 0 1 0 0 0 0 2097152
77032000 0 1 0 0 0 0 2097152
77035200 0 0 0 0 0 0 2097152
77038400 0 0 0 0 0 0 2097152
77041600 0 1 0 0 0 0 2097152
77044800 0 0 0 0 0 0 2097152
77048000 0 1 0 0 0 0 2097152
77051200 0 0 0 0 0 0 2097152
77054400 0 0 0 0 0 0 2097152
77057600 0 1 0 0 0 0 2097152
77060800 0 0 0 0 0 0 2097152
77064000 0 1 0 0 0 0 2097152
77067200 0 1 0 0 0 0 2097152
77070400 0 0 0 0 0 0 2097152
77073600 0 0 0 0 0 0 2097152
77076800 0 0 0 0 0 0 2097152
77080000 0 1 0 0 0 0 2097152
77083200 0 0 0 0 0 0 2097152
77086400 0 1 0 0 0 0 2097152
77089600 0 0 0 0 0 0 2097152
77092800 0 1 0 0 0 0 2097152
77096000 0 0 0 0 0 0 2097152
77099200 0 1 0 0 0 0 2097152
77102400 0 1 0 0 0 0 2097152
89500000 0 0 0 0 0 0 2097152
89503200 0 0 0 0 0 0 2097152
89506400 0 0 0 0 0 0 2097152
89509600 0 0 0 0 0 0 2097152
89512800 0 0 0 0 0 0 2097152
89516000 0 1 0 0 0 0 2097152
89519200 0 0 0 0 0 0 2097152
89522400 0 0 0 0 0 0 2097152
89525600 0 1 0 0 0 0 2097152
89528800 0 1 0 0 0 0 2097152
89532000 0 1 0 0 0 0 2097152
89535200 0 0 0 0 0 0 2097152
89538400 0 0 0 0 0 0 2097152
89541600 0 0 0 0 0 0 2097152
89544800 0 0 0 0 0 0 2097152
89548000 0 1 0 0 0 0 2097152
89551200 0 0 0 0 0 0 2097152
89554400 0 0 0 0 0 0 2097152
89557600 0 1 0 0 0 0 2097152
89560800 0 0 0 0 0 0 2097152
89564000 0 1 0 0 0 0 2097152
89567200 0 1 0 0 0 0 2097152
89570400 0 0 0 0 0 0 2097152
89573600 0 0 0 0 0 0 2097152
89576800 0 0 0 0 0 0 2097152
89580000 0 1 0 0 0 0 2097152
89583200 0 0 0 0 0 0 2097152
89586400 0 1 0 0 0 0 2097152
89589600 0 0 0 0 0 0 2097152
89592800 0 1 0 0 0 0 2097152
89596000 0 0 0 0 0 0 2097152
89599200 0 1 0 0 0 0 2097152
89602400 0 1 0 0 0 0 2097152
95750000 0 0 0 0 0 0 2097152
95753200 0 0 0 0 0 0 2097152
95756400 0 0 0 0 0 0 2097152
95759600 0 0 0 0 0 0 2097152
95762800 0 0 0 0 0 0 2097152
95766000 0 0 0 0 0 0 2097152
95769200 0 0 0 0 0 0 2097152
95772400 0 0 0 0 0 0 2097152
95775600 0 1 0 0 0 0 2097152
95778800 0 1 0 0 0 0 2097152
95782000 0 1 0 0 0 0 2097152
95785200 0 0 0 0 0 0 2097152
95788400 0 1 0 0 0 0 2097152
95791600 0 0 0 0 0 0 2097152
95794800 0 1 0 0 0 0 2097152
95798000 0 1 0 0 0 0 2097152
95801200 0 0 0 0 0 0 2097152
95804400 0 1 0 0 0 0 2097152
95807600 0 0 0 0 0 0 2097152
95810800 0 0 0 0 0 0 2097152
95814000 0 1 0 0 0 0 2097152
95817200 0 1 0 0 0 0 2097152
95820400 0 0 0 0 0 0 2097152
95823600 0 0 0 0 0 0 2097152
95826800 0 0 0 0 0 0 2097152
95830000 0 0 0 0 0 0 2097152
95833200 0 0 0 0 0 0 2097152
95836400 0 0 0 0 0 0 2097152
95839600 0 0 0 0 0 0 2097152
95842800 0 0 0 0 0 0 2097152
95846000 0 0 0 0 0 0 2097152
95849200 0 1 0 0 0 0 2097152
95852400 0 1 0 0 0 0 2097152
97000000 0 0 0 0 0 0 2097152
97003200 0 0 0 0 0 0 2097152
97006400 0 0 0 0 0 0 2097152
97009600 0 0 0 0 0 0 2097152
97012800 0 0 0 0 0 0 2097152
97016000 0 0 0 0 0 0 2097152
97019200 0 0 0 0 0 0 2097152
97022400 0 0 0 0 0 0 2097152
97025600 0 1 0 0 0 0 2097152
97028800 0 1 0 0 0 0 2097152
97032000 0 1 0 0 0 0 2097152
97035200 0 0 0 0 0 0 2097152
97038400 0 0 0 0 0 0 2097152
97041600 0 1 0 0 0 0 2097152
97044800 0 0 0 0 0 0 2097152
97048000 0 1 0 0 0 0 2097152
97051200 0 0 0 0 0 0 2097152
97054400 0 0 0 0 0 0 2097152
97057600 0 1 0 0 0 0 2097152
97060800 0 0 0 0 0 0 2097152
97064000 0 1 0 0 0 0 2097152
97067200 0 1 0 0 0 0 2097152
97070400 0 0 0 0 0 0 2097152
97073600 0 0 0 0 0 0 2097152
97076800 0 0 0 0 0 0 2097152
97080000 0 0 0 0 0 0 2097152
97083200 0 0 0 0 0 0 2097152
97086400 0 0 0 0 0 0 2097152
97089600 0 0 0 0 0 0 2097152
97092800 0 0 0 0 0 0 2097152
97096000 0 0 0 0 0 0 2097152
97099200 0 1 0 0 0 0 2097152
97102400 0 1 0 0 0 0 2097152
102000000 0 0 0 0 0 0 2097152
102003200 0 0 0 0 0 0 2097152
102006400 0 0 0 0 0 0 2097152
102009600 0 0 0 0 0 0 2097152
102012800 0 0 0 0 0 0 2097152
102016000 0 1 0 0 0 0 2097152
102019200 0 0 0 0 0 0 2097152
102022400 0 0 0 0 0 0 2097152
102025600 0 1 0 0 0 0 2097152
102028800 0 1 0 0 0 0 2097152
102032000 0 1 0 0 0 0 2097152
102035200 0 0 0 0 0 0 2097152
102038400 0 1 0 0 0 0 2097152
102041600 0 0 0 0 0 0 2097152
102044800 0 1 0 0 0 0 2097152
102048000 0 1 0 0 0 0 2097152
102051200 0 0 0 0 0 0 2097152
102054400 0 1 0 0 0 0 2097152
102057600 0 0 0 0 0 0 2097152
102060800 0 0 0 0 0 0 2097152
102064000 0 1 0 0 0 0 2097152
102067200 0 1 0 0 0 0 2097152
102070400 0 0 0 0 0 0 2097152
102073600 0 0 0 0 0 0 2097152
102076800 0 0 0 0 0 0 2097152
102080000 0 1 0 0 0 0 2097152
102083200 0 0 0 0 0 0 2097152
102086400 0 0 0 0 0 0 2097152
102089600 0 1 0 0 0 0 2097152
102092800 0 1 0 0 0 0 2097152
102096000 0 0 0 0 0 0 2097152
102099200 0 1 0 0 0 0 2097152
102102400 0 1 0 0 0 0 2097152
102105600 0 0 0 0 0 0 2097152
102108800 0 0 0 0 0 0 2097152
102112000 0 0 0 0 0 0 2097152
102115200 0 0 0 0 0 0 2097152
102118400 0 0 0 0 0 0 2097152
102121600 0 1 0 0 0 0 2097152
102124800 0 0 0 0 0 0 2097152
102128000 0 0 0 0 0 0 2097152
102131200 0 1 0 0 0 0 2097152
102134400 0 1 0 0 0 0 2097152
102137600 0 1 0 0 0 0 2097152
102140800 0 0 0 0 0 0 2097152
102144000 0 1 0 0 0 0 2097152
102147200 0 0 0 0 0 0 2097152
102150400 0 1 0 0 0 0 2097152
102153600 0 0 0 0 0 0 2097152
102156800 0 0 0 0 0 0 2097152
102160000 0 0 0 0 0 0 2097152
102163200 0 1 0 0 0 0 2097152
102166400 0 0 0 0 0 0 2097152
102169600 0 1 0 0 0 0 2097152
102172800 0 1 0 0 0 0 2097152
102176000 0 0 0 0 0 0 2097152
102179200 0 0 0 0 0 0 2097152
102182400 0 0 0 0 0 0 2097152
102185600 0 0 0 0 0 0 2097152
102188800 0 0 0 0 0 0 2097152
102192000 0 0 0 0 0 0 2097152
102195200 0 1 0 0 0 0 2097152
102198400 0 1 0 0 0 0 2097152
102201600 0 0 0 0 0 0 2097152
102204800 0 1 0 0 0 0 2097152
102208000 0 1 0 0 0 0 2097152
109500000 0 0 0 0 0 0 2097152
109503200 0 0 0 0 0 0 2097152
109506400 0 0 0 0 0 0 2097152
109509600 0 0 0 0 0 0 2097152
109512800 0 0 0 0 0 0 2097152
109516000 0 0 0 0 0 0 2097152
109519200 0 0 0 0 0 0 2097152
109522400 0 0 0 0 0 0 2097152
109525600 0 1 0 0 0 0 2097152
109528800 0 1 0 0 0 0 2097152
109532000 0 1 0 0 0 0 2097152
109535200 0 0 0 0 0 0 2097152
109538400 0 0 0 0 0 0 2097152
109541600 0 0 0 0 0 0 2097152
109544800 0 0 0 0 0 0 2097152
109548000 0 1 0 0 0 0 2097152
109551200 0 0 0 0 0 0 2097152
109554400 0 0 0 0 0 0 2097152
109557600 0 1 0 0 0 0 2097152
109560800 0 0 0 0 0 0 2097152
109564000 0 1 0 0 0 0 2097152
109567200 0 1 0 0 0 0 2097152
109570400 0 0 0 0 0 0 2097152
109573600 0 0 0 0 0 0 2097152
109576800 0 0 0 0 0 0 2097152
109580000 0 0 0 0 0 0 2097152
109583200 0 0 0 0 0 0 2097152
109586400 0 0 0 0 0 0 2097152
109589600 0 0 0 0 0 0 2097152
109592800 0 0 0 0 0 0 2097152
109596000 0 0 0 0 0 0 2097152
109599200 0 1 0 0 0 0 2097152
109602400 0 1 0 0 0 0 2097152
122000000 0 0 0 0 0 0 2097152
122003200 0 0 0 0 0 0 2097152
122006400 0 0 0 0 0 0 2097152
122009600 0 0 0 0 0 0 2097152
122012800 0 0 0 0 0 0 2097152
122016000 0 0 0 0 0 0 2097152
122019200 0 0 0 0 0 0 2097152
122022400 0 0 0 0 0 0 2097152
122025600 0 1 0 0 0 0 2097152
122028800 0 1 0 0 0 0 2097152
122032000 0 1 0 0 0 0 2097152
122035200 0 0 0 0 0 0 2097152
122038400 0 1 0 0 0 0 2097152
122041600 0 0 0 0 0 0 2097152
122044800 0 1 0 0 0 0 2097152
122048000 0 0 0 0 0 0 2097152
122051200 0 0 0 0 0 0 2097152
122054400 0 0 0 0 0 0 2097152
122057600 0 1 0 0 0 0 2097152
122060800 0 0 0 0 0 0 2097152
122064000 0 1 0 0 0 0 2097152
122067200 0 1 0 0 0 0 2097152
122070400 0 0 0 0 0 0 2097152
122073600 0 0 0 0 0 0 2097152
122076800 0 0 0 0 0 0 2097152
122080000 0 0 0 0 0 0 2097152
122083200 0 0 0 0 0 0 2097152
122086400 0 0 0 0 0 0 2097152
122089600 0 0 0 0 0 0 2097152
122092800 0 0 0 0 0 0 2097152
122096000 0 0 0 0 0 0 2097152
122099200 0 1 0 0 0 0 2097152
122102400 0 1 0 0 0 0 2097152
127000000 0 0 0 0 0 0 2097152
127003200 0 0 0 0 0 0 2097152
127006400 0 0 0 0 0 0 2097152
127009600 0 0 0 0 0 0 2097152
127012800 0 0 0 0 0 0 2097152
127016000 0 1 0 0 0 0 2097152
127019200 0 0 0 0 0 0 2097152
127022400 0 0 0 0 0 0 2097152
127025600 0 1 0 0 0 0 2097152
127028800 0 1 0 0 0 0 2097152
127032000 0 1 0 0 0 0 2097152
127035200 0 0 0 0 0 0 2097152
127038400 0 1 0 0 0 0 2097152
127041600 0 1 0 0 0 0 2097152
127044800 0 0 0 0 0 0 2097152
127048000 0 0 0 0 0 0 2097152
127051200 0 0 0 0 0 0 2097152
127054400 0 0 0 0 0 0 2097152
127057600 0 1 0 0 0 0 2097152
127060800 0 0 0 0 0 0 2097152
127064000 0 1 0 0 0 0 2097152
127067200 0 1 0 0 0 0 2097152
127070400 0 0 0 0 0 0 2097152
127073600 0 0 0 0 0 0 2097152
127076800 0 0 0 0 0 0 2097152
127080000 0 1 0 0 0 0 2097152
127083200 0 0 0 0 0 0 2097152
127086400 0 1 0 0 0 0 2097152
127089600 0 0 0 0 0 0 2097152
127092800 0 1 0 0 0 0 2097152
127096000 0 0 0 0 0 0 2097152
127099200 0 1 0 0 0 0 2097152
127102400 0 1 0 0 0 0 2097152
139500000 0 0 0 0 0 0 2097152
139503200 0 0 0 0 0 0 2097152
139506400 0 0 0 0 0 0 2097152
139509600 0 0 0 0 0 0 2097152
139512800 0 0 0 0 0 0 2097152
139516000 0 1 0 0 0 0 2097152
139519200 0 0 0 0 0 0 2097152
139522400 0 0 0 0 0 0 2097152
139525600 0 1 0 0 0 0 2097152
139528800 0 1 0 0 0 0 2097152
139532000 0 1 0 0 0 0 2097152
139535200 0 0 0 0 0 0 2097152
139538400 0 1 0 0 0 0 2097152
139541600 0 0 0 0 0 0 2097152
139544800 0 1 0 0 0 0 2097152
139548000 0 0 0 0 0 0 2097152
139551200 0 0 0 0 0 0 2097152
139554400 0 0 0 0 0 0 2097152
139557600 0 1 0 0 0 0 2097152
139560800 0 0 0 0 0 0 2097152
139564000 0 1 0 0 0 0 2097152
139567200 0 1 0 0 0 0 2097152
139570400 0 0 0 0 0 0 2097152
139573600 0 0 0 0 0 0 2097152
139576800 0 0 0 0 0 0 2097152
139580000 0 1 0 0 0 0 2097152
139583200 0 0 0 0 0 0 2097152
139586400 0 1 0 0 0 0 2097152
139589600 0 0 0 0 0 0 2097152
139592800 0 1 0 0 0 0 2097152
139596000 0 0 0 0 0 0 2097152
139599200 0 1 0 0 0 0 2097152
139602400 0 1 0 0 0 0 2097152
147000000 0 0 0 0 0 0 2097152
147003200 0 0 0 0 0 0 2097152
147006400 0 0 0 0 0 0 2097152
147009600 0 0 0 0 0 0 2097152
147012800 0 0 0 0 0 0 2097152
147016000 0 0 0 0 0 0 2097152
147019200 0 0 0 0 0 0 2097152
147022400 0 0 0 0 0 0 2097152
147025600 0 1 0 0 0 0 2097152
147028800 0 1 0 0 0 0 2097152
147032000 0 1 0 0 0 0 2097152
147035200 0 0 0 0 0 0 2097152
147038400 0 1 0 0 0 0 2097152
147041600 0 1 0 0 0 0 2097152
147044800 0 0 0 0 0 0 2097152
147048000 0 0 0 0 0 0 2097152
147051200 0 0 0 0 0 0 2097152
147054400 0 0 0 0 0 0 2097152
147057600 0 1 0 0 0 0 2097152
147060800 0 0 0 0 0 0 2097152
147064000 0 1 0 0 0 0 2097152
147067200 0 1 0 0 0 0 2097152
147070400 0 0 0 0 0 0 2097152
147073600 0 0 0 0 0 0 2097152
147076800 0 0 0 0 0 0 2097152
147080000 0 0 0 0 0 0 2097152
147083200 0 0 0 0 0 0 2097152
147086400 0 0 0 0 0 0 2097152
147089600 0 0 0 0 0 0 2097152
147092800 0 0 0 0 0 0 2097152
147096000 0 0 0 0 0 0 2097152
147099200 0 1 0 0 0 0 2097152
147102400 0 1 0 0 0 0 2097152
152000000 0 0 0 0 0 0 2097152
152003200 0 0 0 0 0 0 2097152
152006400 0 0 0 0 0 0 2097152
152009600 0 0 0 0 0 0 2097152
152012800 0 0 0 0 0 0 2097152
152016000 0 1 0 0 0 0 2097152
152019200 0 0 0 0 0 0 2097152
152022400 0 0 0 0 0 0 2097152
152025600 0 1 0 0 0 0 2097152
152028800 0 1 0 0 0 0 2097152
152032000 0 1 0 0 0 0 2097152
152035200 0 0 0 0 0 0 2097152
152038400 0 0 0 0 0 0 2097152
152041600 0 0 0 0 0 0 2097152
152044800 0 0 0 0 0 0 2097152
152048000 0 1 0 0 0 0 2097152
152051200 0 0 0 0 0 0 2097152
152054400 0 0 0 0 0 0 2097152
152057600 0 1 0 0 0 0 2097152
152060800 0 0 0 0 0 0 2097152
152064000 0 1 0 0 0 0 2097152
152067200 0 1 0 0 0 0 2097152
152070400 0 0 0 0 0 0 2097152
152073600 0 0 0 0 0 0 2097152
152076800 0 0 0 0 0 0 2097152
152080000 0 0 0 0 0 0 2097152
152083200 0 0 0 0 0 0 2097152
152086400 0 0 0 0 0 0 2097152
152089600 0 1 0 0 0 0 2097152
152092800 0 1 0 0 0 0 2097152
152096000 0 0 0 0 0 0 2097152
152099200 0 1 0 0 0 0 2097152
152102400 0 1 0 0 0 0 2097152
159500000 0 0 0 0 0 0 2097152
159503200 0 0 0 0 0 0 2097152
159506400 0 0 0 0 0 0 2097152
159509600 0 0 0 0 0 0 2097152
159512800 0 0 0 0 0 0 2097152
159516000 0 0 0 0 0 0 2097152
159519200 0 0 0 0 0 0 2097152
159522400 0 0 0 0 0 0 2097152
159525600 0 1 0 0 0 0 2097152
159528800 0 1 0 0 0 0 2097152
159532000 0 1 0 0 0 0 2097152
159535200 0 0 0 0 0 0 2097152
159538400 0 1 0 0 0 0 2097152
159541600 0 0 0 0 0 0 2097152
159544800 0 1 0 0 0 0 2097152
159548000 0 0 0 0 0 0 2097152
159551200 0 0 0 0 0 0 2097152
159554400 0 0 0 0 0 0 2097152
159557600 0 1 0 0 0 0 2097152
159560800 0 0 0 0 0 0 2097152
159564000 0 1 0 0 0 0 2097152
159567200 0 1 0 0 0 0 2097152
159570400 0 0 0 0 0 0 2097152
159573600 0 0 0 0 0 0 2097152
159576800 0 0 0 0 0 0 2097152
159580000 0 0 0 0 0 0 2097152
159583200 0 0 0 0 0 0 2097152
159586400 0 0 0 0 0 0 2097152
159589600 0 0 0 0 0 0 2097152
159592800 0 0 0 0 0 0 2097152
159596000 0 0 0 0 0 0 2097152
159599200 0 1 0 0 0 0 2097152
159602400 0 1 0 0 0 0 2097152
172000000 0 0 0 0 0 0 2097152
172003200 0 0 0 0 0 0 2097152
172006400 0 0 0 0 0 0 2097152
172009600 0 0 0 0 0 0 2097152
172012800 0 0 0 0 0 0 2097152
172016000 0 0 0 0 0 0 2097152
172019200 0 0 0 0 0 0 2097152
172022400 0 0 0 0 0 0 2097152
172025600 0 1 0 0 0 0 2097152
172028800 0 1 0 0 0 0 2097152
172032000 0 1 0 0 0 0 2097152
172035200 0 0 0 0 0 0 2097152
172038400 0 0 0 0 0 0 2097152
172041600 0 0 0 0 0 0 2097152
172044800 0 0 0 0 0 0 2097152
172048000 0 1 0 0 0 0 2097152
172051200 0 0 0 0 0 0 2097152
172054400 0 0 0 0 0 0 2097152
172057600 0 1 0 0 0 0 2097152
172060800 0 0 0 0 0 0 2097152
172064000 0 1 0 0 0 0 2097152
172067200 0 1 0 0 0 0 2097152
172070400 0 0 0 0 0 0 2097152
172073600 0 0 0 0 0 0 2097152
172076800 0 0 0 0 0 0 2097152
172080000 0 0 0 0 0 0 2097152
172083200 0 0 0 0 0 0 2097152
172086400 0 0 0 0 0 0 2097152
172089600 0 0 0 0 0 0 2097152
172092800 0 0 0 0 0 0 2097152
172096000 0 0 0 0 0 0 2097152
172099200 0 1 0 0 0 0 2097152
172102400 0 1 0 0 0 0 2097152
195750000 0 0 0 0 0 0 2097152
195753200 0 0 0 0 0 0 2097152
195756400 0 0 0 0 0 0 2097152
195759600 0 0 0 0 0 0 2097152
195762800 0 0 0 0 0 0 2097152
195766000 0 0 0 0 0 0 2097152
195769200 0 0 0 0 0 0 2097152
195772400 0 0 0 0 0 0 2097152
195775600 0 1 0 0 0 0 2097152
195778800 0 1 0 0 0 0 2097152
195782000 0 1 0 0 0 0 2097152
195785200 0 0 0 0 0 0 2097152
195788400 0 1 0 0 0 0 2097152
195791600 0 0 0 0 0 0 2097152
195794800 0 1 0 0 0 0 2097152
195798000 0 1 0 0 0 0 2097152
195801200 0 0 0 0 0 0 2097152
195804400 0 1 0 0 0 0 2097152
195807600 0 0 0 0 0 0 2097152
195810800 0 0 0 0 0 0 2097152
195814000 0 1 0 0 0 0 2097152
195817200 0 1 0 0 0 0 2097152
195820400 0 0 0 0 0 0 2097152
195823600 0 0 0 0 0 0 2097152
195826800 0 0 0 0 0 0 2097152
195830000 0 0 0 0 0 0 2097152
195833200 0 0 0 0 0 0 2097152
195836400 0 0 0 0 0 0 2097152
195839600 0 0 0 0 0 0 2097152
195842800 0 0 0 0 0 0 2097152
195846000 0 0 0 0 0 0 2097152
195849200 0 1 0 0 0 0 2097152
195852400 0 1 0 0 0 0 2097152
202000000 0 0 0 0 0 0 2097152
202003200 0 0 0 0 0 0 2097152
202006400 0 0 0 0 0 0 2097152
202009600 0 0 0 0 0 0 2097152
202012800 0 0 0 0 0 0 2097152
202016000 0 1 0 0 0 0 2097152
202019200 0 0 0 0 0 0 2097152
202022400 0 0 0 0 0 0 2097152
202025600 0 1 0 0 0 0 2097152
202028800 0 1 0 0 0 0 2097152
202032000 0 1 0 0 0 0 2097152
202035200 0 0 0 0 0 0 2097152
202038400 0 1 0 0 0 0 2097152
202041600 0 0 0 0 0 0 2097152
202044800 0 0 0 0 0 0 2097152
202048000 0 1 0 0 0 0 2097152
202051200 0 0 0 0 0 0 2097152
202054400 0 1 0 0 0 0 2097152
202057600 0 0 0 0 0 0 2097152
202060800 0 0 0 0 0 0 2097152
202064000 0 1 0 0 0 0 2097152
202067200 0 1 0 0 0 0 2097152
202070400 0 0 0 0 0 0 2097152
202073600 0 0 0 0 0 0 2097152
202076800 0 0 0 0 0 0 2097152
202080000 0 1 0 0 0 0 2097152
202083200 0 0 0 0 0 0 2097152
202086400 0 0 0 0 0 0 2097152
202089600 0 1 0 0 0 0 2097152
202092800 0 1 0 0 0 0 2097152
202096000 0 0 0 0 0 0 2097152
202099200 0 1 0 0 0 0 2097152
202102400 0 1 0 0 0 0 2097152
202105600 0 0 0 0 0 0 2097152
202108800 0 0 0 0 0 0 2097152
202112000 0 0 0 0 0 0 2097152
202115200 0 0 0 0 0 0 2097152
202118400 0 0 0 0 0 0 2097152
202121600 0 1 0 0 0 0 2097152
202124800 0 0 0 0 0 0 2097152
202128000 0 0 0 0 0 0 2097152
202131200 0 1 0 0 0 0 2097152
202134400 0 1 0 0 0 0 2097152
202137600 0 1 0 0 0 0 2097152
202140800 0 0 0 0 0 0 2097152
202144000 0 1 0 0 0 0 2097152
202147200 0 0 0 0 0 0 2097152
202150400 0 1 0 0 0 0 2097152
202153600 0 0 0 0 0 0 2097152
202156800 0 0 0 0 0 0 2097152
202160000 0 0 0 0 0 0 2097152
202163200 0 1 0 0 0 0 2097152
202166400 0 0 0 0 0 0 2097152
202169600 0 1 0 0 0 0 2097152
202172800 0 1 0 0 0 0 2097152
202176000 0 0 0 0 0 0 2097152
202179200 0 0 0 0 0 0 2097152
202182400 0 0 0 0 0 0 2097152
202185600 0 0 0 0 0 0 2097152
202188800 0 0 0 0 0 0 2097152
202192000 0 0 0 0 0 0 2097152
202195200 0 1 0 0 0 0 2097152
202198400 0 1 0 0 0 0 2097152
202201600 0 0 0 0 0 0 2097152
202204800 0 1 0 0 0 0 2097152
202208000 0 1 0 0 0 0 2097152
222000000 0 0 0 0 0 0 2097152
222003200 0 0 0 0 0 0 2097152
222006400 0 0 0 0 0 0 2097152
222009600 0 0 0 0 0 0 2097152
222012800 0 0 0 0 0 0 2097152
222016000 0 0 0 0 0 0 2097152
222019200 0 0 0 0 0 0 2097152
222022400 0 0 0 0 0 0 2097152
222025600 0 1 0 0 0 0 2097152
222028800 0 1 0 0 0 0 2097152
222032000 0 1 0 0 0 0 2097152
222035200 0 0 0 0 0 0 2097152
222038400 0 1 0 0 0 0 2097152
222041600 0 0 0 0 0 0 2097152
222044800 0 1 0 0 0 0 2097152
222048000 0 0 0 0 0 0 2097152
222051200 0 0 0 0 0 0 2097152
222054400 0 0 0 0 0 0 2097152
222057600 0 1 0 0 0 0 2097152
222060800 0 0 0 0 0 0 2097152
222064000 0 1 0 0 0 0 2097152
222067200 0 1 0 0 0 0 2097152
222070400 0 0 0 0 0 0 2097152
222073600 0 0 0 0 0 0 2097152
222076800 0 0 0 0 0 0 2097152
222080000 0 0 0 0 0 0 2097152
222083200 0 0 0 0 0 0 2097152
222086400 0 0 0 0 0 0 2097152
222089600 0 0 0 0 0 0 2097152
222092800 0 0 0 0 0 0 2097152
222096000 0 0 0 0 0 0 2097152
222099200 0 1 0 0 0 0 2097152
222102400 0 1 0 0 0 0 2097152
227000000 0 0 0 0 0 0 2097152
227003200 0 0 0 0 0 0 2097152
227006400 0 0 0 0 0 0 2097152
227009600 0 0 0 0 0 0 2097152
227012800 0 0 0 0 0 0 2097152
227016000 0 1 0 0 0 0 2097152
227019200 0 0 0 0 0 0 2097152
227022400 0 0 0 0 0 0 2097152
227025600 0 1 0 0 0 0 2097152
227028800 0 1 0 0 0 0 2097152
227032000 0 1 0 0 0 0 2097152
227035200 0 0 0 0 0 0 2097152
227038400 0 0 0 0 0 0 2097152
227041600 0 0 0 0 0 0 2097152
227044800 0 0 0 0 0 0 2097152
227048000 0 1 0 0 0 0 2097152
227051200 0 0 0 0 0 0 2097152
227054400 0 0 0 0 0 0 2097152
227057600 0 1 0 0 0 0 2097152
227060800 0 0 0 0 0 0 2097152
227064000 0 1 0 0 0 0 2097152
227067200 0 1 0 0 0 0 2097152
227070400 0 0 0 0 0 0 2097152
227073600 0 0 0 0 0 0 2097152
227076800 0 0 0 0 0 0 2097152
227080000 0 1 0 0 0 0 2097152
227083200 0 0 0 0 0 0 2097152
227086400 0 1 0 0 0 0 2097152
227089600 0 0 0 0 0 0 2097152
227092800 0 1 0 0 0 0 2097152
227096000 0 0 0 0 0 0 2097152
227099200 0 1 0 0 0 0 2097152
227102400 0 1 0 0 0 0 2097152
239500000 0 0 0 0 0 0 2097152
239503200 0 0 0 0 0 0 2097152
239506400 0 0 0 0 0 0 2097152
239509600 0 0 0 0 0 0 2097152
239512800 0 0 0 0 0 0 2097152
239516000 0 1 0 0 0 0 2097152
239519200 0 0 0 0 0 0 2097152
239522400 0 0 0 0 0 0 2097152
239525600 0 1 0 0 0 0 2097152
239528800 0 1 0 0 0 0 2097152
239532000 0 1 0 0 0 0 2097152
239535200 0 0 0 0 0 0 2097152
239538400 0 0 0 0 0 0 2097152
239541600 0 1 0 0 0 0 2097152
239544800 0 0 0 0 0 0 2097152
239548000 0 1 0 0 0 0 2097152
239551200 0 0 0 0 0 0 2097152
239554400 0 0 0 0 0 0 2097152
239557600 0 1 0 0 0 0 2097152
239560800 0 0 0 0 0 0 2097152
239564000 0 1 0 0 0 0 2097152
239567200 0 1 0 0 0 0 2097152
239570400 0 0 0 0 0 0 2097152
239573600 0 0 0 0 0 0 2097152
239576800 0 0 0 0 0 0 2097152
239580000 0 1 0 0 0 0 2097152
239583200 0 0 0 0 0 0 2097152
239586400 0 1 0 0 0 0 2097152
239589600 0 0 0 0 0 0 2097152
239592800 0 1 0 0 0 0 2097152
239596000 0 0 0 0 0 0 2097152
239599200 0 1 0 0 0 0 2097152
239602400 0 1 0 0 0 0 2097152
247000000 0 0 0 0 0 0 2097152
247003200 0 0 0 0 0 0 2097152
247006400 0 0 0 0 0 0 2097152
247009600 0 0 0 0 0 0 2097152
247012800 0 0 0 0 0 0 2097152
247016000 0 0 0 0 0 0 2097152
247019200 0 0 0 0 0 0 2097152
247022400 0 0 0 0 0 0 2097152
247025600 0 1 0 0 0 0 2097152
247028800 0 1 0 0 0 0 2097152
247032000 0 1 0 0 0 0 2097152
247035200 0 0 0 0 0 0 2097152
247038400 0 0 0 0 0 0 2097152
247041600 0 0 0 0 0 0 2097152
247044800 0 0 0 0 0 0 2097152
247048000 0 1 0 0 0 0 2097152
247051200 0 0 0 0 0 0 2097152
247054400 0 0 0 0 0 0 2097152
247057600 0 1 0 0 0 0 2097152
247060800 0 0 0 0 0 0 2097152
247064000 0 1 0 0 0 0 2097152
247067200 0 1 0 0 0 0 2097152
247070400 0 0 0 0 0 0 2097152
247073600 0 0 0 0 0 0 2097152
247076800 0 0 0 0 0 0 2097152
247080000 0 0 0 0 0 0 2097152
247083200 0 0 0 0 0 0 2097152
247086400 0 0 0 0 0 0 2097152
247089600 0 0 0 0 0 0 2097152
247092800 0 0 0 0 0 0 2097152
247096000 0 0 0 0 0 0 2097152
247099200 0 1 0 0 0 0 2097152
247102400 0 1 0 0 0 0 2097152
252000000 0 0 0 0 0 0 2097152
252003200 0 0 0 0 0 0 2097152
252006400 0 0 0 0 0 0 2097152
252009600 0 0 0 0 0 0 2097152
252012800 0 0 0 0 0 0 2097152
252016000 0 1 0 0 0 0 2097152
252019200 0 0 0 0 0 0 2097152
252022400 0 0 0 0 0 0 2097152
252025600 0 1 0 0 0 0 2097152
252028800 0 1 0 0 0 0 2097152
252032000 0 1 0 0 0 0 2097152
252035200 0 0 0 0 0 0 2097152
252038400 0 0 0 0 0 0 2097152
252041600 0 0 0 0 0 0 2097152
252044800 0 1 0 0 0 0 2097152
252048000 0 1 0 0 0 0 2097152
252051200 0 0 0 0 0 0 2097152
252054400 0 0 0 0 0 0 2097152
252057600 0 1 0 0 0 0 2097152
252060800 0 0 0 0 0 0 2097152
252064000 0 1 0 0 0 0 2097152
252067200 0 1 0 0 0 0 2097152
252070400 0 0 0 0 0 0 2097152
252073600 0 0 0 0 0 0 2097152
252076800 0 0 0 0 0 0 2097152
252080000 0 0 0 0 0 0 2097152
252083200 0 0 0 0 0 0 2097152
252086400 0 0 0 0 0 0 2097152
252089600 0 1 0 0 0 0 2097152
252092800 0 1 0 0 0 0 2097152
252096000 0 0 0 0 0 0 2097152
252099200 0 1 0 0 0 0 2097152
252102400 0 1 0 0 0 0 2097152
259500000 0 0 0 0 0 0 2097152
259503200 0 0 0 0 0 0 2097152
259506400 0 0 0 0 0 0 2097152
259509600 0 0 0 0 0 0 2097152
259512800 0 0 0 0 0 0 2097152
259516000 0 0 0 0 0 0 2097152
259519200 0 0 0 0 0 0 2097152
259522400 0 0 0 0 0 0 2097152
259525600 0 1 0 0 0 0 2097152
259528800 0 1 0 0 0 0 2097152
259532000 0 1 0 0 0 0 2097152
259535200 0 0 0 0 0 0 2097152
259538400 0 0 0 0 0 0 2097152
259541600 0 1 0 0 0 0 2097152
259544800 0 0 0 0 0 0 2097152
259548000 0 1 0 0 0 0 2097152
259551200 0 0 0 0 0 0 2097152
259554400 0 0 0 0 0 0 2097152
259557600 0 1 0 0 0 0 2097152
259560800 0 0 0 0 0 0 2097152
259564000 0 1 0 0 0 0 2097152
259567200 0 1 0 0 0 0 2097152
259570400 0 0 0 0 0 0 2097152
259573600 0 0 0 0 0 0 2097152
259576800 0 0 0 0 0 0 2097152
259580000 0 0 0 0 0 0 2097152
259583200 0 0 0 0 0 0 2097152
259586400 0 0 0 0 0 0 2097152
259589600 0 0 0 0 0 0 2097152
259592800 0 0 0 0 0 0 2097152
259596000 0 0 0 0 0 0 2097152
259599200 0 1 0 0 0 0 2097152
259602400 0 1 0 0 0 0 2097152
264500000 0 0 0 0 0 0 2097152
264503200 0 0 0 0 0 0 2097152
264506400 0 0 0 0 0 0 2097152
264509600 0 0 0 0 0 0 2097152
264512800 0 0 0 0 0 0 2097152
264516000 0 1 0 0 0 0 2097152
264519200 0 0 0 0 0 0 2097152
264522400 0 0 0 0 0 0 2097152
264525600 0 1 0 0 0 0 2097152
264528800 0 1 0 0 0 0 2097152
264532000 0 1 0 0 0 0 2097152
264535200 0 0 0 0 0 0 2097152
264538400 0 1 0 0 0 0 2097152
264541600 0 1 0 0 0 0 2097152
264544800 0 1 0 0 0 0 2097152
264548000 0 1 0 0 0 0 2097152
264551200 0 0 0 0 0 0 2097152
264554400 0 0 0 0 0 0 2097152
264557600 0 1 0 0 0 0 2097152
264560800 0 0 0 0 0 0 2097152
264564000 0 1 0 0 0 0 2097152
264567200 0 1 0 0 0 0 2097152
264570400 0 0 0 0 0 0 2097152
264573600 0 0 0 0 0 0 2097152
264576800 0 0 0 0 0 0 2097152
264580000 0 1 0 0 0 0 2097152
264583200 0 0 0 0 0 0 2097152
264586400 0 1 0 0 0 0 2097152
264589600 0 0 0 0 0 0 2097152
264592800 0 1 0 0 0 0 2097152
264596000 0 0 0 0 0 0 2097152
264599200 0 1 0 0 0 0 2097152
264602400 0 1 0 0 0 0 2097152
272000000 0 0 0 0 0 0 2097152
272003200 0 0 0 0 0 0 2097152
272006400 0 0 0 0 0 0 2097152
272009600 0 0 0 0 0 0 2097152
272012800 0 0 0 0 0 0 2097152
272016000 0 0 0 0 0 0 2097152
272019200 0 0 0 0 0 0 2097152
272022400 0 0 0 0 0 0 2097152
272025600 0 1 0 0 0 0 2097152
272028800 0 1 0 0 0 0 2097152
272032000 0 1 0 0 0 0 2097152
272035200 0 0 0 0 0 0 2097152
272038400 0 0 0 0 0 0 2097152
272041600 0 0 0 0 0 0 2097152
272044800 0 1 0 0 0 0 2097152
272048000 0 1 0 0 0 0 2097152
272051200 0 0 0 0 0 0 2097152
272054400 0 0 0 0 0 0 2097152
272057600 0 1 0 0 0 0 2097152
272060800 0 0 0 0 0 0 2097152
272064000 0 1 0 0 0 0 2097152
272067200 0 1 0 0 0 0 2097152
272070400 0 0 0 0 0 0 2097152
272073600 0 0 0 0 0 0 2097152
272076800 0 0 0 0 0 0 2097152
272080000 0 0 0 0 0 0 2097152
272083200 0 0 0 0 0 0 2097152
272086400 0 0 0 0 0 0 2097152
272089600 0 0 0 0 0 0 2097152
272092800 0 0 0 0 0 0 2097152
272096000 0 0 0 0 0 0 2097152
272099200 0 1 0 0 0 0 2097152
272102400 0 1 0 0 0 0 2097152
277000000 0 0 0 0 0 0 2097152
277003200 0 0 0 0 0 0 2097152
277006400 0 0 0 0 0 0 2097152
277009600 0 0 0 0 0 0 2097152
277012800 0 0 0 0 0 0 2097152
277016000 0 1 0 0 0 0 2097152
277019200 0 0 0 0 0 0 2097152
277022400 0 0 0 0 0 0 2097152
277025600 0 1 0 0 0 0 2097152
277028800 0 1 0 0 0 0 2097152
277032000 0 1 0 0 0 0 2097152
277035200 0 0 0 0 0 0 2097152
277038400 0 0 0 0 0 0 2097152
277041600 0 0 0 0 0 0 2097152
277044800 0 1 0 0 0 0 2097152
277048000 0 1 0 0 0 0 2097152
277051200 0 0 0 0 0 0 2097152
277054400 0 0 0 0 0 0 2097152
277057600 0 1 0 0 0 0 2097152
277060800 0 0 0 0 0 0 2097152
277064000 0 1 0 0 0 0 2097152
277067200 0 1 0 0 0 0 2097152
277070400 0 0 0 0 0 0 2097152
277073600 0 0 0 0 0 0 2097152
277076800 0 0 0 0 0 0 2097152
277080000 0 1 0 0 0 0 2097152
277083200 0 0 0 0 0 0 2097152
277086400 0 1 0 0 0 0 2097152
277089600 0 0 0 0 0 0 2097152
277092800 0 1 0 0 0 0 2097152
277096000 0 0 0 0 0 0 2097152
277099200 0 1 0 0 0 0 2097152
277102400 0 1 0 0 0 0 2097152
284500000 0 0 0 0 0 0 2097152
284503200 0 0 0 0 0 0 2097152
284506400 0 0 0 0 0 0 2097152
284509600 0 0 0 0 0 0 2097152
284512800 0 0 0 0 0 0 2097152
284516000 0 0 0 0 0 0 2097152
284519200 0 0 0 0 0 0 2097152
284522400 0 0 0 0 0 0 2097152
284525600 0 1 0 0 0 0 2097152
284528800 0 1 0 0 0 0 2097152
284532000 0 1 0 0 0 0 2097152
284535200 0 0 0 0 0 0 2097152
284538400 0 1 0 0 0 0 2097152
284541600 0 1 0 0 0 0 2097152
284544800 0 1 0 0 0 0 2097152
284548000 0 1 0 0 0 0 2097152
284551200 0 0 0 0 0 0 2097152
284554400 0 0 0 0 0 0 2097152
284557600 0 1 0 0 0 0 2097152
284560800 0 0 0 0 0 0 2097152
284564000 0 1 0 0 0 0 2097152
284567200 0 1 0 0 0 0 2097152
284570400 0 0 0 0 0 0 2097152
284573600 0 0 0 0 0 0 2097152
284576800 0 0 0 0 0 0 2097152
284580000 0 0 0 0 0 0 2097152
284583200 0 0 0 0 0 0 2097152
284586400 0 0 0 0 0 0 2097152
284589600 0 0 0 0 0 0 2097152
284592800 0 0 0 0 0 0 2097152
284596000 0 0 0 0 0 0 2097152
284599200 0 1 0 0 0 0 2097152
284602400 0 1 0 0 0 0 2097152
289500000 0 0 0 0 0 0 2097152
289503200 0 0 0 0 0 0 2097152
289506400 0 0 0 0 0 0 2097152
289509600 0 0 0 0 0 0 2097152
289512800 0 0 0 0 0 0 2097152
289516000 0 1 0 0 0 0 2097152
289519200 0 0 0 0 0 0 2097152
289522400 0 0 0 0 0 0 2097152
289525600 0 1 0 0 0 0 2097152
289528800 0 1 0 0 0 0 2097152
289532000 0 1 0 0 0 0 2097152
289535200 0 0 0 0 0 0 2097152
289538400 0 0 0 0 0 0 2097152
289541600 0 1 0 0 0 0 2097152
289544800 0 0 0 0 0 0 2097152
289548000 0 1 0 0 0 0 2097152
289551200 0 0 0 0 0 0 2097152
289554400 0 0 0 0 0 0 2097152
289557600 0 1 0 0 0 0 2097152
289560800 0 0 0 0 0 0 2097152
289564000 0 1 0 0 0 0 2097152
289567200 0 1 0 0 0 0 2097152
289570400 0 0 0 0 0 0 2097152
289573600 0 0 0 0 0 0 2097152
289576800 0 0 0 0 0 0 2097152
289580000 0 1 0 0 0 0 2097152
289583200 0 0 0 0 0 0 2097152
289586400 0 1 0 0 0 0 2097152
289589600 0 0 0 0 0 0 2097152
289592800 0 1 0 0 0 0 2097152
289596000 0 0 0 0 0 0 2097152
289599200 0 1 0 0 0 0 2097152
289602400 0 1 0 0 0 0 2097152
295750000 0 0 0 0 0 0 2097152
295753200 0 0 0 0 0 0 2097152
295756400 0 0 0 0 0 0 2097152
295759600 0 0 0 0 0 0 2097152
295762800 0 0 0 0 0 0 2097152
295766000 0 0 0 0 0 0 2097152
295769200 0 0 0 0 0 0 2097152
295772400 0 0 0 0 0 0 2097152
295775600 0 1 0 0 0 0 2097152
295778800 0 1 0 0 0 0 2097152
295782000 0 1 0 0 0 0 2097152
295785200 0 0 0 0 0 0 2097152
295788400 0 1 0 0 0 0 2097152
295791600 0 0 0 0 0 0 2097152
295794800 0 0 0 0 0 0 2097152
295798000 0 1 0 0 0 0 2097152
295801200 0 0 0 0 0 0 2097152
295804400 0 1 0 0 0 0 2097152
295807600 0 0 0 0 0 0 2097152
295810800 0 0 0 0 0 0 2097152
295814000 0 1 0 0 0 0 2097152
295817200 0 1 0 0 0 0 2097152
295820400 0 0 0 0 0 0 2097152
295823600 0 0 0 0 0 0 2097152
295826800 0 0 0 0 0 0 2097152
295830000 0 0 0 0 0 0 2097152
295833200 0 0 0 0 0 0 2097152
295836400 0 0 0 0 0 0 2097152
295839600 0 0 0 0 0 0 2097152
295842800 0 0 0 0 0 0 2097152
295846000 0 0 0 0 0 0 2097152
295849200 0 1 0 0 0 0 2097152
295852400 0 1 0 0 0 0 2097152
297000000 0 0 0 0 0 0 2097152
297003200 0 0 0 0 0 0 2097152
297006400 0 0 0 0 0 0 2097152
297009600 0 0 0 0 0 0 2097152
297012800 0 0 0 0 0 0 2097152
297016000 0 0 0 0 0 0 2097152
297019200 0 0 0 0 0 0 2097152
297022400 0 0 0 0 0 0 2097152
297025600 0 1 0 0 0 0 2097152
297028800 0 1 0 0 0 0 2097152
297032000 0 1 0 0 0 0 2097152
297035200 0 0 0 0 0 0 2097152
297038400 0 0 0 0 0 0 2097152
297041600 0 0 0 0 0 0 2097152
297044800 0 1 0 0 0 0 2097152
297048000 0 1 0 0 0 0 2097152
297051200 0 0 0 0 0 0 2097152
297054400 0 0 0 0 0 0 2097152
297057600 0 1 0 0 0 0 2097152
297060800 0 0 0 0 0 0 2097152
297064000 0 1 0 0 0 0 2097152
297067200 0 1 0 0 0 0 2097152
297070400 0 0 0 0 0 0 2097152
297073600 0 0 0 0 0 0 2097152
297076800 0 0 0 0 0 0 2097152
297080000 0 0 0 0 0 0 2097152
297083200 0 0 0 0 0 0 2097152
297086400 0 0 0 0 0 0 2097152
297089600 0 0 0 0 0 0 2097152
297092800 0 0 0 0 0 0 2097152
297096000 0 0 0 0 0 0 2097152
297099200 0 1 0 0 0 0 2097152
297102400 0 1 0 0 0 0 2097152
302000000 0 0 0 0 0 0 2097152
302003200 0 0 0 0 0 0 2097152
302006400 0 0 0 0 0 0 2097152
302009600 0 0 0 0 0 0 2097152
302012800 0 0 0 0 0 0 2097152
302016000 0 1 0 0 0 0 2097152
302019200 0 0 0 0 0 0 2097152
302022400 0 0 0 0 0 0 2097152
302025600 0 1 0 0 0 0 2097152
302028800 0 1 0 0 0 0 2097152
302032000 0 1 0 0 0 0 2097152
302035200 0 0 0 0 0 0 2097152
302038400 0 1 0 0 0 0 2097152
302041600 0 1 0 0 0 0 2097152
302044800 0 0 0 0 0 0 2097152
302048000 0 1 0 0 0 0 2097152
302051200 0 0 0 0 0 0 2097152
302054400 0 1 0 0 0 0 2097152
302057600 0 0 0 0 0 0 2097152
302060800 0 0 0 0 0 0 2097152
302064000 0 1 0 0 0 0 2097152
302067200 0 1 0 0 0 0 2097152
302070400 0 0 0 0 0 0 2097152
302073600 0 0 0 0 0 0 2097152
302076800 0 0 0 0 0 0 2097152
302080000 0 1 0 0 0 0 2097152
302083200 0 0 0 0 0 0 2097152
302086400 0 0 0 0 0 0 2097152
302089600 0 1 0 0 0 0 2097152
302092800 0 1 0 0 0 0 2097152
302096000 0 0 0 0 0 0 2097152
302099200 0 1 0 0 0 0 2097152
302102400 0 1 0 0 0 0 2097152
302105600 0 0 0 0 0 0 2097152
302108800 0 0 0 0 0 0 2097152
302112000 0 0 0 0 0 0 2097152
302115200 0 0 0 0 0 0 2097152
302118400 0 0 0 0 0 0 2097152
302121600 0 1 0 0 0 0 2097152
302124800 0 0 0 0 0 0 2097152
302128000 0 0 0 0 0 0 2097152
302131200 0 1 0 0 0 0 2097152
302134400 0 1 0 0 0 0 2097152
302137600 0 1 0 0 0 0 2097152
302140800 0 0 0 0 0 0 2097152
302144000 0 0 0 0 0 0 2097152
302147200 0 0 0 0 0 0 2097152
302150400 0 0 0 0 0 0 2097152
302153600 0 1 0 0 0 0 2097152
302156800 0 0 0 0 0 0 2097152
302160000 0 0 0 0 0 0 2097152
302163200 0 1 0 0 0 0 2097152
302166400 0 0 0 0 0 0 2097152
302169600 0 1 0 0 0 0 2097152
302172800 0 1 0 0 0 0 2097152
302176000 0 0 0 0 0 0 2097152
302179200 0 0 0 0 0 0 2097152
302182400 0 0 0 0 0 0 2097152
302185600 0 0 0 0 0 0 2097152
302188800 0 0 0 0 0 0 2097152
302192000 0 0 0 0 0 0 2097152
302195200 0 1 0 0 0 0 2097152
302198400 0 1 0 0 0 0 2097152
302201600 0 0 0 0 0 0 2097152
302204800 0 1 0 0 0 0 2097152
302208000 0 1 0 0 0 0 2097152
309500000 0 0 0 0 0 0 2097152
309503200 0 0 0 0 0 0 2097152
309506400 0 0 0 0 0 0 2097152
309509600 0 0 0 0 0 0 2097152
309512800 0 0 0 0 0 0 2097152
309516000 0 0 0 0 0 0 2097152
309519200 0 0 0 0 0 0 2097152
309522400 0 0 0 0 0 0 2097152
309525600 0 1 0 0 0 0 2097152
309528800 0 1 0 0 0 0 2097152
309532000 0 1 0 0 0 0 2097152
309535200 0 0 0 0 0 0 2097152
309538400 0 0 0 0 0 0 2097152
309541600 0 1 0 0 0 0 2097152
309544800 0 0 0 0 0 0 2097152
309548000 0 1 0 0 0 0 2097152
309551200 0 0 0 0 0 0 2097152
309554400 0 0 0 0 0 0 2097152
309557600 0 1 0 0 0 0 2097152
309560800 0 0 0 0 0 0 2097152
309564000 0 1 0 0 0 0 2097152
309567200 0 1 0 0 0 0 2097152
309570400 0 0 0 0 0 0 2097152
309573600 0 0 0 0 0 0 2097152
309576800 0 0 0 0 0 0 2097152
309580000 0 0 0 0 0 0 2097152
309583200 0 0 0 0 0 0 2097152
309586400 0 0 0 0 0 0 2097152
309589600 0 0 0 0 0 0 2097152
309592800 0 0 0 0 0 0 2097152
309596000 0 0 0 0 0 0 2097152
309599200 0 1 0 0 0 0 2097152
309602400 0 1 0 0 0 0 2097152
322000000 0 0 0 0 0 0 2097152
322003200 0 0 0 0 0 0 2097152
322006400 0 0 0 0 0 0 2097152
322009600 0 0 0 0 0 0 2097152
322012800 0 0 0 0 0 0 2097152
322016000 0 0 0 0 0 0 2097152
322019200 0 0 0 0 0 0 2097152
322022400 0 0 0 0 0 0 2097152
322025600 0 1 0 0 0 0 2097152
322028800 0 1 0 0 0 0 2097152
322032000 0 1 0 0 0 0 2097152
322035200 0 0 0 0 0 0 2097152
322038400 0 0 0 0 0 0 2097152
322041600 0 0 0 0 0 0 2097152
322044800 0 0 0 0 0 0 2097152
322048000 0 1 0 0 0 0 2097152
322051200 0 0 0 0 0 0 2097152
322054400 0 0 0 0 0 0 2097152
322057600 0 1 0 0 0 0 2097152
322060800 0 0 0 0 0 0 2097152
322064000 0 1 0 0 0 0 2097152
322067200 0 1 0 0 0 0 2097152
322070400 0 0 0 0 0 0 2097152
322073600 0 0 0 0 0 0 2097152
322076800 0 0 0 0 0 0 2097152
322080000 0 0 0 0 0 0 2097152
322083200 0 0 0 0 0 0 2097152
322086400 0 0 0 0 0 0 2097152
322089600 0 0 0 0 0 0 2097152
322092800 0 0 0 0 0 0 2097152
322096000 0 0 0 0 0 0 2097152
322099200 0 1 0 0 0 0 2097152
322102400 0 1 0 0 0 0 2097152
327000000 0 0 0 0 0 0 2097152
327003200 0 0 0 0 0 0 2097152
327006400 0 0 0 0 0 0 2097152
327009600 0 0 0 0 0 0 2097152
327012800 0 0 0 0 0 0 2097152
327016000 0 1 0 0 0 0 2097152
327019200 0 0 0 0 0 0 2097152
327022400 0 0 0 0 0 0 2097152
327025600 0 1 0 0 0 0 2097152
327028800 0 1 0 0 0 0 2097152
327032000 0 1 0 0 0 0 2097152
327035200 0 0 0 0 0 0 2097152
327038400 0 0 0 0 0 0 2097152
327041600 0 1 0 0 0 0 2097152
327044800 0 0 0 0 0 0 2097152
327048000 0 1 0 0 0 0 2097152
327051200 0 0 0 0 0 0 2097152
327054400 0 0 0 0 0 0 2097152
327057600 0 1 0 0 0 0 2097152
327060800 0 0 0 0 0 0 2097152
327064000 0 1 0 0 0 0 2097152
327067200 0 1 0 0 0 0 2097152
327070400 0 0 0 0 0 0 2097152
327073600 0 0 0 0 0 0 2097152
327076800 0 0 0 0 0 0 2097152
327080000 0 1 0 0 0 0 2097152
327083200 0 0 0 0 0 0 2097152
327086400 0 1 0 0 0 0 2097152
327089600 0 0 0 0 0 0 2097152
327092800 0 1 0 0 0 0 2097152
327096000 0 0 0 0 0 0 2097152
327099200 0 1 0 0 0 0 2097152
327102400 0 1 0 0 0 0 2097152
339500000 0 0 0 0 0 0 2097152
339503200 0 0 0 0 0 0 2097152
339506400 0 0 0 0 0 0 2097152
339509600 0 0 0 0 0 0 2097152
339512800 0 0 0 0 0 0 2097152
339516000 0 1 0 0 0 0 2097152
339519200 0 0 0 0 0 0 2097152
339522400 0 0 0 0 0 0 2097152
339525600 0 1 0 0 0 0 2097152
339528800 0 1 0 0 0 0 2097152
339532000 0 1 0 0 0 0 2097152
339535200 0 0 0 0 0 0 2097152
339538400 0 0 0 0 0 0 2097152
339541600 0 0 0 0 0 0 2097152
339544800 0 0 0 0 0 0 2097152
339548000 0 1 0 0 0 0 2097152
339551200 0 0 0 0 0 0 2097152
339554400 0 0 0 0 0 0 2097152
339557600 0 1 0 0 0 0 2097152
339560800 0 0 0 0 0 0 2097152
339564000 0 1 0 0 0 0 2097152
339567200 0 1 0 0 0 0 2097152
339570400 0 0 0 0 0 0 2097152
339573600 0 0 0 0 0 0 2097152
339576800 0 0 0 0 0 0 2097152
339580000 0 1 0 0 0 0 2097152
339583200 0 0 0 0 0 0 2097152
339586400 0 1 0 0 0 0 2097152
339589600 0 0 0 0 0 0 2097152
339592800 0 1 0 0 0 0 2097152
339596000 0 0 0 0 0 0 2097152
339599200 0 1 0 0 0 0 2097152
339602400 0 1 0 0 0 0 2097152
347000000 0 0 0 0 0 0 2097152
347003200 0 0 0 0 0 0 2097152
347006400 0 0 0 0 0 0 2097152
347009600 0 0 0 0 0 0 2097152
347012800 0 0 0 0 0 0 2097152
347016000 0 0 0 0 0 0 2097152
347019200 0 0 0 0 0 0 2097152
347022400 0 0 0 0 0 0 2097152
347025600 0 1 0 0 0 0 2097152
347028800 0 1 0 0 0 0 2097152
347032000 0 1 0 0 0 0 2097152
347035200 0 0 0 0 0 0 2097152
347038400 0 0 0 0 0 0 2097152
347041600 0 1 0 0 0 0 2097152
347044800 0 0 0 0 0 0 2097152
347048000 0 1 0 0 0 0 2097152
347051200 0 0 0 0 0 0 2097152
347054400 0 0 0 0 0 0 2097152
347057600 0 1 0 0 0 0 2097152
347060800 0 0 0 0 0 0 2097152
347064000 0 1 0 0 0 0 2097152
347067200 0 1 0 0 0 0 2097152
347070400 0 0 0 0 0 0 2097152
347073600 0 0 0 0 0 0 2097152
347076800 0 0 0 0 0 0 2097152
347080000 0 0 0 0 0 0 2097152
347083200 0 0 0 0 0 0 2097152
347086400 0 0 0 0 0 0 2097152
347089600 0 0 0 0 0 0 2097152
347092800 0 0 0 0 0 0 2097152
347096000 0 0 0 0 0 0 2097152
347099200 0 1 0 0 0 0 2097152
347102400 0 1 0 0 0 0 2097152
352000000 0 0 0 0 0 0 2097152
352003200 0 0 0 0 0 0 2097152
352006400 0 0 0 0 0 0 2097152
352009600 0 0 0 0 0 0 2097152
352012800 0 0 0 0 0 0 2097152
352016000 0 1 0 0 0 0 2097152
352019200 0 0 0 0 0 0 2097152
352022400 0 0 0 0 0 0 2097152
352025600 0 1 0 0 0 0 2097152
352028800 0 1 0 0 0 0 2097152
352032000 0 1 0 0 0 0 2097152
352035200 0 0 0 0 0 0 2097152
352038400 0 1 0 0 0 0 2097152
352041600 0 0 0 0 0 0 2097152
352044800 0 1 0 0 0 0 2097152
352048000 0 0 0 0 0 0 2097152
352051200 0 0 0 0 0 0 2097152
352054400 0 0 0 0 0 0 2097152
352057600 0 1 0 0 0 0 2097152
352060800 0 0 0 0 0 0 2097152
352064000 0 1 0 0 0 0 2097152
352067200 0 1 0 0 0 0 2097152
352070400 0 0 0 0 0 0 2097152
352073600 0 0 0 0 0 0 2097152
352076800 0 0 0 0 0 0 2097152
352080000 0 0 0 0 0 0 2097152
352083200 0 0 0 0 0 0 2097152
352086400 0 0 0 0 0 0 2097152
352089600 0 1 0 0 0 0 2097152
352092800 0 1 0 0 0 0 2097152
352096000 0 0 0 0 0 0 2097152
352099200 0 1 0 0 0 0 2097152
352102400 0 1 0 0 0 0 2097152
359500000 0 0 0 0 0 0 2097152
359503200 0 0 0 0 0 0 2097152
359506400 0 0 0 0 0 0 2097152
359509600 0 0 0 0 0 0 2097152
359512800 0 0 0 0 0 0 2097152
359516000 0 0 0 0 0 0 2097152
359519200 0 0 0 0 0 0 2097152
359522400 0 0 0 0 0 0 2097152
359525600 0 1 0 0 0 0 2097152
359528800 0 1 0 0 0 0 2097152
359532000 0 1 0 0 0 0 2097152
359535200 0 0 0 0 0 0 2097152
359538400 0 0 0 0 0 0 2097152
359541600 0 0 0 0 0 0 2097152
359544800 0 0 0 0 0 0 2097152
359548000 0 1 0 0 0 0 2097152
359551200 0 0 0 0 0 0 2097152
359554400 0 0 0 0 0 0 2097152
359557600 0 1 0 0 0 0 2097152
359560800 0 0 0 0 0 0 2097152
359564000 0 1 0 0 0 0 2097152
359567200 0 1 0 0 0 0 2097152
359570400 0 0 0 0 0 0 2097152
359573600 0 0 0 0 0 0 2097152
359576800 0 0 0 0 0 0 2097152
359580000 0 0 0 0 0 0 2097152
359583200 0 0 0 0 0 0 2097152
359586400 0 0 0 0 0 0 2097152
359589600 0 0 0 0 0 0 2097152
359592800 0 0 0 0 0 0 2097152
359596000 0 0 0 0 0 0 2097152
359599200 0 1 0 0 0 0 2097152
359602400 0 1 0 0 0 0 2097152
372000000 0 0 0 0 0 0 2097152
372003200 0 0 0 0 0 0 2097152
372006400 0 0 0 0 0 0 2097152
372009600 0 0 0 0 0 0 2097152
372012800 0 0 0 0 0 0 2097152
372016000 0 0 0 0 0 0 2097152
372019200 0 0 0 0 0 0 2097152
372022400 0 0 0 0 0 0 2097152
372025600 0 1 0 0 0 0 2097152
372028800 0 1 0 0 0 0 2097152
372032000 0 1 0 0 0 0 2097152
372035200 0 0 0 0 0 0 2097152
372038400 0 1 0 0 0 0 2097152
372041600 0 0 0 0 0 0 2097152
372044800 0 1 0 0 0 0 2097152
372048000 0 0 0 0 0 0 2097152
372051200 0 0 0 0 0 0 2097152
372054400 0 0 0 0 0 0 2097152
372057600 0 1 0 0 0 0 2097152
372060800 0 0 0 0 0 0 2097152
372064000 0 1 0 0 0 0 2097152
372067200 0 1 0 0 0 0 2097152
372070400 0 0 0 0 0 0 2097152
372073600 0 0 0 0 0 0 2097152
372076800 0 0 0 0 0 0 2097152
372080000 0 0 0 0 0 0 2097152
372083200 0 0 0 0 0 0 2097152
372086400 0 0 0 0 0 0 2097152
372089600 0 0 0 0 0 0 2097152
372092800 0 0 0 0 0 0 2097152
372096000 0 0 0 0 0 0 2097152
372099200 0 1 0 0 0 0 2097152
372102400 0 1 0 0 0 0 2097152
395750000 0 0 0 0 0 0 2097152
395753200 0 0 0 0 0 0 2097152
395756400 0 0 0 0 0 0 2097152
395759600 0 0 0 0 0 0 2097152
395762800 0 0 0 0 0 0 2097152
395766000 0 0 0 0 0 0 2097152
395769200 0 0 0 0 0 0 2097152
395772400 0 0 0 0 0 0 2097152
395775600 0 1 0 0 0 0 2097152
395778800 0 1 0 0 0 0 2097152
395782000 0 1 0 0 0 0 2097152
395785200 0 0 0 0 0 0 2097152
395788400 0 1 0 0 0 0 2097152
395791600 0 1 0 0 0 0 2097152
395794800 0 0 0 0 0 0 2097152
395798000 0 1 0 0 0 0 2097152
395801200 0 0 0 0 0 0 2097152
395804400 0 1 0 0 0 0 2097152
395807600 0 0 0 0 0 0 2097152
395810800 0 0 0 0 0 0 2097152
395814000 0 1 0 0 0 0 2097152
395817200 0 1 0 0 0 0 2097152
395820400 0 0 0 0 0 0 2097152
395823600 0 0 0 0 0 0 2097152
395826800 0 0 0 0 0 0 2097152
395830000 0 0 0 0 0 0 2097152
395833200 0 0 0 0 0 0 2097152
395836400 0 0 0 0 0 0 2097152
395839600 0 0 0 0 0 0 2097152
395842800 0 0 0 0 0 0 2097152
395846000 0 0 0 0 0 0 2097152
395849200 0 1 0 0 0 0 2097152
395852400 0 1 0 0 0 0 2097152
402000000 0 0 0 0 0 0 2097152
402003200 0 0 0 0 0 0 2097152
402006400 0 0 0 0 0 0 2097152
402009600 0 0 0 0 0 0 2097152
402012800 0 0 0 0 0 0 2097152
402016000 0 1 0 0 0 0 2097152
402019200 0 0 0 0 0 0 2097152
402022400 0 0 0 0 0 0 2097152
402025600 0 1 0 0 0 0 2097152
402028800 0 1 0 0 0 0 2097152
402032000 0 1 0 0 0 0 2097152
402035200 0 0 0 0 0 0 2097152
402038400 0 1 0 0 0 0 2097152
402041600 0 0 0 0 0 0 2097152
402044800 0 1 0 0 0 0 2097152
402048000 0 1 0 0 0 0 2097152
402051200 0 0 0 0 0 0 2097152
402054400 0 1 0 0 0 0 2097152
402057600 0 0 0 0 0 0 2097152
402060800 0 0 0 0 0 0 2097152
402064000 0 1 0 0 0 0 2097152
402067200 0 1 0 0 0 0 2097152
402070400 0 0 0 0 0 0 2097152
402073600 0 0 0 0 0 0 2097152
402076800 0 0 0 0 0 0 2097152
402080000 0 1 0 0 0 0 2097152
402083200 0 0 0 0 0 0 2097152
402086400 0 0 0 0 0 0 2097152
402089600 0 1 0 0 0 0 2097152
402092800 0 1 0 0 0 0 2097152
402096000 0 0 0 0 0 0 2097152
402099200 0 1 0 0 0 0 2097152
402102400 0 1 0 0 0 0 2097152
402105600 0 0 0 0 0 0 2097152
402108800 0 0 0 0 0 0 2097152
402112000 0 0 0 0 0 0 2097152
402115200 0 0 0 0 0 0 2097152
402118400 0 0 0 0 0 0 2097152
402121600 0 1 0 0 0 0 2097152
402124800 0 0 0 0 0 0 2097152
402128000 0 0 0 0 0 0 2097152
402131200 0 1 0 0 0 0 2097152
402134400 0 1 0 0 0 0 2097152
402137600 0 1 0 0 0 0 2097152
402140800 0 0 0 0 0 0 2097152
402144000 0 1 0 0 0 0 2097152
402147200 0 0 0 0 0 0 2097152
402150400 0 1 0 0 0 0 2097152
402153600 0 0 0 0 0 0 2097152
402156800 0 0 0 0 0 0 2097152
402160000 0 0 0 0 0 0 2097152
402163200 0 1 0 0 0 0 2097152
402166400 0 0 0 0 0 0 2097152
402169600 0 1 0 0 0 0 2097152
402172800 0 1 0 0 0 0 2097152
402176000 0 0 0 0 0 0 2097152
402179200 0 0 0 0 0 0 2097152
402182400 0 0 0 0 0 0 2097152
402185600 0 0 0 0 0 0 2097152
402188800 0 0 0 0 0 0 2097152
402192000 0 0 0 0 0 0 2097152
402195200 0 1 0 0 0 0 2097152
402198400 0 1 0 0 0 0 2097152
402201600 0 0 0 0 0 0 2097152
402204800 0 1 0 0 0 0 2097152
402208000 0 1 0 0 0 0 2097152
422000000 0 0 0 0 0 0 2097152
422003200 0 0 0 0 0 0 2097152
422006400 0 0 0 0 0 0 2097152
422009600 0 0 0 0 0 0 2097152
422012800 0 0 0 0 0 0 2097152
422016000 0 0 0 0 0 0 2097152
422019200 0 0 0 0 0 0 2097152
422022400 0 0 0 0 0 0 2097152
422025600 0 1 0 0 0 0 2097152
422028800 0 1 0 0 0 0 2097152
422032000 0 1 0 0 0 0 2097152
422035200 0 0 0 0 0 0 2097152
422038400 0 1 0 0 0 0 2097152
422041600 0 0 0 0 0 0 2097152
422044800 0 1 0 0 0 0 2097152
422048000 0 0 0 0 0 0 2097152
422051200 0 0 0 0 0 0 2097152
422054400 0 0 0 0 0 0 2097152
422057600 0 1 0 0 0 0 2097152
422060800 0 0 0 0 0 0 2097152
422064000 0 1 0 0 0 0 2097152
422067200 0 1 0 0 0 0 2097152
422070400 0 0 0 0 0 0 2097152
422073600 0 0 0 0 0 0 2097152
422076800 0 0 0 0 0 0 2097152
422080000 0 0 0 0 0 0 2097152
422083200 0 0 0 0 0 0 2097152
422086400 0 0 0 0 0 0 2097152
422089600 0 0 0 0 0 0 2097152
422092800 0 0 0 0 0 0 2097152
422096000 0 0 0 0 0 0 2097152
422099200 0 1 0 0 0 0 2097152
422102400 0 1 0 0 0 0 2097152
427000000 0 0 0 0 0 0 2097152
427003200 0 0 0 0 0 0 2097152
427006400 0 0 0 0 0 0 2097152
427009600 0 0 0 0 0 0 2097152
427012800 0 0 0 0 0 0 2097152
427016000 0 1 0 0 0 0 2097152
427019200 0 0 0 0 0 0 2097152
427022400 0 0 0 0 0 0 2097152
427025600 0 1 0 0 0 0 2097152
427028800 0 1 0 0 0 0 2097152
427032000 0 1 0 0 0 0 2097152
427035200 0 0 0 0 0 0 2097152
427038400 0 0 0 0 0 0 2097152
427041600 0 0 0 0 0 0 2097152
427044800 0 0 0 0 0 0 2097152
427048000 0 1 0 0 0 0 2097152
427051200 0 0 0 0 0 0 2097152
427054400 0 0 0 0 0 0 2097152
427057600 0 1 0 0 0 0 2097152
427060800 0 0 0 0 0 0 2097152
427064000 0 1 0 0 0 0 2097152
427067200 0 1 0 0 0 0 2097152
427070400 0 0 0 0 0 0 2097152
427073600 0 0 0 0 0 0 2097152
427076800 0 0 0 0 0 0 2097152
427080000 0 1 0 0 0 0 2097152
427083200 0 0 0 0 0 0 2097152
427086400 0 1 0 0 0 0 2097152
427089600 0 0 0 0 0 0 2097152
427092800 0 1 0 0 0 0 2097152
427096000 0 0 0 0 0 0 2097152
427099200 0 1 0 0 0 0 2097152
427102400 0 1 0 0 0 0 2097152
439500000 0 0 0 0 0 0 2097152
439503200 0 0 0 0 0 0 2097152
439506400 0 0 0 0 0 0 2097152
439509600 0 0 0 0 0 0 2097152
439512800 0 0 0 0 0 0 2097152
439516000 0 1 0 0 0 0 2097152
439519200 0 0 0 0 0 0 2097152
439522400 0 0 0 0 0 0 2097152
439525600 0 1 0 0 0 0 2097152
439528800 0 1 0 0 0 0 2097152
439532000 0 1 0 0 0 0 2097152
439535200 0 0 0 0 0 0 2097152
439538400 0 0 0 0 0 0 2097152
439541600 0 1 0 0 0 0 2097152
439544800 0 0 0 0 0 0 2097152
439548000 0 1 0 0 0 0 2097152
439551200 0 0 0 0 0 0 2097152
439554400 0 0 0 0 0 0 2097152
439557600 0 1 0 0 0 0 2097152
439560800 0 0 0 0 0 0 2097152
439564000 0 1 0 0 0 0 2097152
439567200 0 1 0 0 0 0 2097152
439570400 0 0 0 0 0 0 2097152
439573600 0 0 0 0 0 0 2097152
439576800 0 0 0 0 0 0 2097152
439580000 0 1 0 0 0 0 2097152
439583200 0 0 0 0 0 0 2097152
439586400 0 1 0 0 0 0 2097152
439589600 0 0 0 0 0 0 2097152
439592800 0 1 0 0 0 0 2097152
439596000 0 0 0 0 0 0 2097152
439599200 0 1 0 0 0 0 2097152
439602400 0 1 0 0 0 0 2097152
447000000 0 0 0 0 0 0 2097152
447003200 0 0 0 0 0 0 2097152
447006400 0 0 0 0 0 0 2097152
447009600 0 0 0 0 0 0 2097152
447012800 0 0 0 0 0 0 2097152
447016000 0 0 0 0 0 0 2097152
447019200 0 0 0 0 0 0 2097152
447022400 0 0 0 0 0 0 2097152
447025600 0 1 0 0 0 0 2097152
447028800 0 1 0 0 0 0 2097152
447032000 0 1 0 0 0 0 2097152
447035200 0 0 0 0 0 0 2097152
447038400 0 0 0 0 0 0 2097152
447041600 0 0 0 0 0 0 2097152
447044800 0 0 0 0 0 0 2097152
447048000 0 1 0 0 0 0 2097152
447051200 0 0 0 0 0 0 2097152
447054400 0 0 0 0 0 0 2097152
447057600 0 1 0 0 0 0 2097152
447060800 0 0 0 0 0 0 2097152
447064000 0 1 0 0 0 0 2097152
447067200 0 1 0 0 0 0 2097152
447070400 0 0 0 0 0 0 2097152
447073600 0 0 0 0 0 0 2097152
447076800 0 0 0 0 0 0 2097152
447080000 0 0 0 0 0 0 2097152
447083200 0 0 0 0 0 0 2097152
447086400 0 0 0 0 0 0 2097152
447089600 0 0 0 0 0 0 2097152
447092800 0 0 0 0 0 0 2097152
447096000 0 0 0 0 0 0 2097152
447099200 0 1 0 0 0 0 2097152
447102400 0 1 0 0 0 0 2097152
452000000 0 0 0 0 0 0 2097152
452003200 0 0 0 0 0 0 2097152
452006400 0 0 0 0 0 0 2097152
452009600 0 0 0 0 0 0 2097152
452012800 0 0 0 0 0 0 2097152
452016000 0 1 0 0 0 0 2097152
452019200 0 0 0 0 0 0 2097152
452022400 0 0 0 0 0 0 2097152
452025600 0 1 0 0 0 0 2097152
452028800 0 1 0 0 0 0 2097152
452032000 0 1 0 0 0 0 2097152
452035200 0 0 0 0 0 0 2097152
452038400 0 0 0 0 0 0 2097152
452041600 0 0 0 0 0 0 2097152
452044800 0 1 0 0 0 0 2097152
452048000 0 1 0 0 0 0 2097152
452051200 0 0 0 0 0 0 2097152
452054400 0 0 0 0 0 0 2097152
452057600 0 1 0 0 0 0 2097152
452060800 0 0 0 0 0 0 2097152
452064000 0 1 0 0 0 0 2097152
452067200 0 1 0 0 0 0 2097152
452070400 0 0 0 0 0 0 2097152
452073600 0 0 0 0 0 0 2097152
452076800 0 0 0 0 0 0 2097152
452080000 0 0 0 0 0 0 2097152
452083200 0 0 0 0 0 0 2097152
452086400 0 0 0 0 0 0 2097152
452089600 0 1 0 0 0 0 2097152
452092800 0 1 0 0 0 0 2097152
452096000 0 0 0 0 0 0 2097152
452099200 0 1 0 0 0 0 2097152
452102400 0 1 0 0 0 0 2097152
459500000 0 0 0 0 0 0 2097152
459503200 0 0 0 0 0 0 2097152
459506400 0 0 0 0 0 0 2097152
459509600 0 0 0 0 0 0 2097152
459512800 0 0 0 0 0 0 2097152
459516000 0 0 0 0 0 0 2097152
459519200 0 0 0 0 0 0 2097152
459522400 0 0 0 0 0 0 2097152
459525600 0 1 0 0 0 0 2097152
459528800 0 1 0 0 0 0 2097152
459532000 0 1 0 0 0 0 2097152
459535200 0 0 0 0 0 0 2097152
459538400 0 0 0 0 0 0 2097152
459541600 0 1 0 0 0 0 2097152
459544800 0 0 0 0 0 0 2097152
459548000 0 1 0 0 0 0 2097152
459551200 0 0 0 0 0 0 2097152
459554400 0 0 0 0 0 0 2097152
459557600 0 1 0 0 0 0 2097152
459560800 0 0 0 0 0 0 2097152
459564000 0 1 0 0 0 0 2097152
459567200 0 1 0 0 0 0 2097152
459570400 0 0 0 0 0 0 2097152
459573600 0 0 0 0 0 0 2097152
459576800 0 0 0 0 0 0 2097152
459580000 0 0 0 0 0 0 2097152
459583200 0 0 0 0 0 0 2097152
459586400 0 0 0 0 0 0 2097152
459589600 0 0 0 0 0 0 2097152
459592800 0 0 0 0 0 0 2097152
459596000 0 0 0 0 0 0 2097152
459599200 0 1 0 0 0 0 2097152
459602400 0 1 0 0 0 0 2097152
472000000 0 0 0 0 0 0 2097152
472003200 0 0 0 0 0 0 2097152
472006400 0 0 0 0 0 0 2097152
472009600 0 0 0 0 0 0 2097152
472012800 0 0 0 0 0 0 2097152
472016000 0 0 0 0 0 0 2097152
472019200 0 0 0 0 0 0 2097152
472022400 0 0 0 0 0 0 2097152
472025600 0 1 0 0 0 0 2097152
472028800 0 1 0 0 0 0 2097152
472032000 0 1 0 0 0 0 2097152
472035200 0 0 0 0 0 0 2097152
472038400 0 0 0 0 0 0 2097152
472041600 0 0 0 0 0 0 2097152
472044800 0 1 0 0 0 0 2097152
472048000 0 1 0 0 0 0 2097152
472051200 0 0 0 0 0 0 2097152
472054400 0 0 0 0 0 0 2097152
472057600 0 1 0 0 0 0 2097152
472060800 0 0 0 0 0 0 2097152
472064000 0 1 0 0 0 0 2097152
472067200 0 1 0 0 0 0 2097152
472070400 0 0 0 0 0 0 2097152
472073600 0 0 0 0 0 0 2097152
472076800 0 0 0 0 0 0 2097152
472080000 0 0 0 0 0 0 2097152
472083200 0 0 0 0 0 0 2097152
472086400 0 0 0 0 0 0 2097152
472089600 0 0 0 0 0 0 2097152
472092800 0 0 0 0 0 0 2097152
472096000 0 0 0 0 0 0 2097152
472099200 0 1 0 0 0 0 2097152
472102400 0 1 0 0 0 0 2097152
477000000 0 0 0 0 0 0 2097152
477003200 0 0 0 0 0 0 2097152
477006400 0 0 0 0 0 0 2097152
477009600 0 0 0 0 0 0 2097152
477012800 0 0 0 0 0 0 2097152
477016000 0 1 0 0 0 0 2097152
477019200 0 0 0 0 0 0 2097152
477022400 0 0 0 0 0 0 2097152
477025600 0 1 0 0 0 0 2097152
477028800 0 1 0 0 0 0 2097152
477032000 0 1 0 0 0 0 2097152
477035200 0 0 0 0 0 0 2097152
477038400 0 0 0 0 0 0 2097152
477041600 0 1 0 0 0 0 2097152
477044800 0 0 0 0 0 0 2097152
477048000 0 1 0 0 0 0 2097152
477051200 0 0 0 0 0 0 2097152
477054400 0 0 0 0 0 0 2097152
477057600 0 1 0 0 0 0 2097152
477060800 0 0 0 0 0 0 2097152
477064000 0 1 0 0 0 0 2097152
477067200 0 1 0 0 0 0 2097152
477070400 0 0 0 0 0 0 2097152
477073600 0 0 0 0 0 0 2097152
477076800 0 0 0 0 0 0 2097152
477080000 0 1 0 0 0 0 2097152
477083200 0 0 0 0 0 0 2097152
477086400 0 1 0 0 0 0 2097152
477089600 0 0 0 0 0 0 2097152
477092800 0 1 0 0 0 0 2097152
477096000 0 0 0 0 0 0 2097152
477099200 0 1 0 0 0 0 2097152
477102400 0 1 0 0 0 0 2097152
489500000 0 0 0 0 0 0 2097152
489503200 0 0 0 0 0 0 2097152
489506400 0 0 0 0 0 0 2097152
489509600 0 0 0 0 0 0 2097152
489512800 0 0 0 0 0 0 2097152
489516000 0 1 0 0 0 0 2097152
489519200 0 0 0 0 0 0 2097152
489522400 0 0 0 0 0 0 2097152
489525600 0 1 0 0 0 0 2097152
489528800 0 1 0 0 0 0 2097152
489532000 0 1 0 0 0 0 2097152
489535200 0 0 0 0 0 0 2097152
489538400 0 0 0 0 0 0 2097152
489541600 0 0 0 0 0 0 2097152
489544800 0 0 0 0 0 0 2097152
489548000 0 1 0 0 0 0 2097152
489551200 0 0 0 0 0 0 2097152
489554400 0 0 0 0 0 0 2097152
489557600 0 1 0 0 0 0 2097152
489560800 0 0 0 0 0 0 2097152
489564000 0 1 0 0 0 0 2097152
489567200 0 1 0 0 0 0 2097152
489570400 0 0 0 0 0 0 2097152
489573600 0 0 0 0 0 0 2097152
489576800 0 0 0 0 0 0 2097152
489580000 0 1 0 0 0 0 2097152
489583200 0 0 0 0 0 0 2097152
489586400 0 1 0 0 0 0 2097152
489589600 0 0 0 0 0 0 2097152
489592800 0 1 0 0 0 0 2097152
489596000 0 0 0 0 0 0 2097152
489599200 0 1 0 0 0 0 2097152
489602400 0 1 0 0 0 0 2097152
495750000 0 0 0 0 0 0 2097152
495753200 0 0 0 0 0 0 2097152
495756400 0 0 0 0 0 0 2097152
495759600 0 0 0 0 0 0 2097152
495762800 0 0 0 0 0 0 2097152
495766000 0 0 0 0 0 0 2097152
495769200 0 0 0 0 0 0 2097152
495772400 0 0 0 0 0 0 2097152
495775600 0 1 0 0 0 0 2097152
495778800 0 1 0 0 0 0 2097152
495782000 0 1 0 0 0 0 2097152
495785200 0 0 0 0 0 0 2097152
495788400 0 1 0 0 0 0 2097152
495791600 0 0 0 0 0 0 2097152
495794800 0 1 0 0 0 0 2097152
495798000 0 1 0 0 0 0 2097152
495801200 0 0 0 0 0 0 2097152
495804400 0 1 0 0 0 0 2097152
495807600 0 0 0 0 0 0 2097152
495810800 0 0 0 0 0 0 2097152
495814000 0 1 0 0 0 0 2097152
495817200 0 1 0 0 0 0 2097152
495820400 0 0 0 0 0 0 2097152
495823600 0 0 0 0 0 0 2097152
495826800 0 0 0 0 0 0 2097152
495830000 0 0 0 0 0 0 2097152
495833200 0 0 0 0 0 0 2097152
495836400 0 0 0 0 0 0 2097152
495839600 0 0 0 0 0 0 2097152
495842800 0 0 0 0 0 0 2097152
495846000 0 0 0 0 0 0 2097152
495849200 0 1 0 0 0 0 2097152
495852400 0 1 0 0 0 0 2097152
497000000 0 0 0 0 0 0 2097152
497003200 0 0 0 0 0 0 2097152
497006400 0 0 0 0 0 0 2097152
497009600 0 0 0 0 0 0 2097152
497012800 0 0 0 0 0 0 2097152
497016000 0 0 0 0 0 0 2097152
497019200 0 0 0 0 0 0 2097152
497022400 0 0 0 0 0 0 2097152
497025600 0 1 0 0 0 0 2097152
497028800 0 1 0 0 0 0 2097152
497032000 0 1 0 0 0 0 2097152
497035200 0 0 0 0 0 0 2097152
497038400 0 0 0 0 0 0 2097152
497041600 0 1 0 0 0 0 2097152
497044800 0 0 0 0 0 0 2097152
497048000 0 1 0 0 0 0 2097152
497051200 0 0 0 0 0 0 2097152
497054400 0 0 0 0 0 0 2097152
497057600 0 1 0 0 0 0 2097152
497060800 0 0 0 0 0 0 2097152
497064000 0 1 0 0 0 0 2097152
497067200 0 1 0 0 0 0 2097152
497070400 0 0 0 0 0 0 2097152
497073600 0 0 0 0 0 0 2097152
497076800 0 0 0 0 0 0 2097152
497080000 0 0 0 0 0 0 2097152
497083200 0 0 0 0 0 0 2097152
497086400 0 0 0 0 0 0 2097152
497089600 0 0 0 0 0 0 2097152
497092800 0 0 0 0 0 0 2097152
497096000 0 0 0 0 0 0 2097152
497099200 0 1 0 0 0 0 2097152
497102400 0 1 0 0 0 0 2097152
502000000 0 0 0 0 0 0 2097152
502003200 0 0 0 0 0 0 2097152
502006400 0 0 0 0 0 0 2097152
502009600 0 0 0 0 0 0 2097152
502012800 0 0 0 0 0 0 2097152
502016000 0 1 0 0 0 0 2097152
502019200 0 0 0 0 0 0 2097152
502022400 0 0 0 0 0 0 2097152
502025600 0 1 0 0 0 0 2097152
502028800 0 1 0 0 0 0 2097152
502032000 0 1 0 0 0 0 2097152
502035200 0 0 0 0 0 0 2097152
502038400 0 1 0 0 0 0 2097152
502041600 0 0 0 0 0 0 2097152
502044800 0 1 0 0 0 0 2097152
502048000 0 1 0 0 0 0 2097152
502051200 0 0 0 0 0 0 2097152
502054400 0 1 0 0 0 0 2097152
502057600 0 0 0 0 0 0 2097152
502060800 0 0 0 0 0 0 2097152
502064000 0 1 0 0 0 0 2097152
502067200 0 1 0 0 0 0 2097152
502070400 0 0 0 0 0 0 2097152
502073600 0 0 0 0 0 0 2097152
502076800 0 0 0 0 0 0 2097152
502080000 0 1 0 0 0 0 2097152
502083200 0 0 0 0 0 0 2097152
502086400 0 0 0 0 0 0 2097152
502089600 0 1 0 0 0 0 2097152
502092800 0 1 0 0 0 0 2097152
502096000 0 0 0 0 0 0 2097152
502099200 0 1 0 0 0 0 2097152
502102400 0 1 0 0 0 0 2097152
502105600 0 0 0 0 0 0 2097152
502108800 0 0 0 0 0 0 2097152
502112000 0 0 0 0 0 0 2097152
502115200 0 0 0 0 0 0 2097152
502118400 0 0 0 0 0 0 2097152
502121600 0 1 0 0 0 0 2097152
502124800 0 0 0 0 0 0 2097152
502128000 0 0 0 0 0 0 2097152
502131200 0 1 0 0 0 0 2097152
502134400 0 1 0 0 0 0 2097152
502137600 0 1 0 0 0 0 2097152
502140800 0 0 0 0 0 0 2097152
502144000 0 1 0 0 0 0 2097152
502147200 0 0 0 0 0 0 2097152
502150400 0 1 0 0 0 0 2097152
502153600 0 0 0 0 0 0 2097152
502156800 0 0 0 0 0 0 2097152
502160000 0 0 0 0 0 0 2097152
502163200 0 1 0 0 0 0 2097152
502166400 0 0 0 0 0 0 2097152
502169600 0 1 0 0 0 0 2097152
502172800 0 1 0 0 0 0 2097152
502176000 0 0 0 0 0 0 2097152
502179200 0 0 0 0 0 0 2097152
502182400 0 0 0 0 0 0 2097152
502185600 0 0 0 0 0 0 2097152
502188800 0 0 0 0 0 0 2097152
502192000 0 0 0 0 0 0 2097152
502195200 0 1 0 0 0 0 2097152
502198400 0 1 0 0 0 0 2097152
502201600 0 0 0 0 0 0 2097152
502204800 0 1 0 0 0 0 2097152
502208000 0 1 0 0 0 0 2097152
509500000 0 0 0 0 0 0 2097152
509503200 0 0 0 0 0 0 2097152
509506400 0 0 0 0 0 0 2097152
509509600 0 0 0 0 0 0 2097152
509512800 0 0 0 0 0 0 2097152
509516000 0 0 0 0 0 0 2097152
509519200 0 0 0 0 0 0 2097152
509522400 0 0 0 0 0 0 2097152
509525600 0 1 0 0 0 0 2097152
509528800 0 1 0 0 0 0 2097152
509532000 0 1 0 0 0 0 2097152
509535200 0 0 0 0 0 0 2097152
509538400 0 0 0 0 0 0 2097152
509541600 0 0 0 0 0 0 2097152
509544800 0 0 0 0 0 0 2097152
509548000 0 1 0 0 0 0 2097152
509551200 0 0 0 0 0 0 2097152
509554400 0 0 0 0 0 0 2097152
509557600 0 1 0 0 0 0 2097152
509560800 0 0 0 0 0 0 2097152
509564000 0 1 0 0 0 0 2097152
509567200 0 1 0 0 0 0 2097152
509570400 0 0 0 0 0 0 2097152
509573600 0 0 0 0 0 0 2097152
509576800 0 0 0 0 0 0 2097152
509580000 0 0 0 0 0 0 2097152
509583200 0 0 0 0 0 0 2097152
509586400 0 0 0 0 0 0 2097152
509589600 0 0 0 0 0 0 2097152
509592800 0 0 0 0 0 0 2097152
509596000 0 0 0 0 0 0 2097152
509599200 0 1 0 0 0 0 2097152
509602400 0 1 0 0 0 0 2097152
522000000 0 0 0 0 0 0 2097152
522003200 0 0 0 0 0 0 2097152
522006400 0 0 0 0 0 0 2097152
522009600 0 0 0 0 0 0 2097152
522012800 0 0 0 0 0 0 2097152
522016000 0 0 0 0 0 0 2097152
522019200 0 0 0 0 0 0 2097152
522022400 0 0 0 0 0 0 2097152
522025600 0 1 0 0 0 0 2097152
522028800 0 1 0 0 0 0 2097152
522032000 0 1 0 0 0 0 2097152
522035200 0 0 0 0 0 0 2097152
522038400 0 1 0 0 0 0 2097152
522041600 0 0 0 0 0 0 2097152
522044800 0 1 0 0 0 0 2097152
522048000 0 0 0 0 0 0 2097152
522051200 0 0 0 0 0 0 2097152
522054400 0 0 0 0 0 0 2097152
522057600 0 1 0 0 0 0 2097152
522060800 0 0 0 0 0 0 2097152
522064000 0 1 0 0 0 0 2097152
522067200 0 1 0 0 0 0 2097152
522070400 0 0 0 0 0 0 2097152
522073600 0 0 0 0 0 0 2097152
522076800 0 0 0 0 0 0 2097152
522080000 0 0 0 0 0 0 2097152
522083200 0 0 0 0 0 0 2097152
522086400 0 0 0 0 0 0 2097152
522089600 0 0 0 0 0 0 2097152
522092800 0 0 0 0 0 0 2097152
522096000 0 0 0 0 0 0 2097152
522099200 0 1 0 0 0 0 2097152
522102400 0 1 0 0 0 0 2097152
527000000 0 0 0 0 0 0 2097152
527003200 0 0 0 0 0 0 2097152
527006400 0 0 0 0 0 0 2097152
527009600 0 0 0 0 0 0 2097152
527012800 0 0 0 0 0 0 2097152
527016000 0 1 0 0 0 0 2097152
527019200 0 0 0 0 0 0 2097152
527022400 0 0 0 0 0 0 2097152
527025600 0 1 0 0 0 0 2097152
527028800 0 1 0 0 0 0 2097152
527032000 0 1 0 0 0 0 2097152
527035200 0 0 0 0 0 0 2097152
527038400 0 1 0 0 0 0 2097152
527041600 0 1 0 0 0 0 2097152
527044800 0 0 0 0 0 0 2097152
527048000 0 0 0 0 0 0 2097152
527051200 0 0 0 0 0 0 2097152
527054400 0 0 0 0 0 0 2097152
527057600 0 1 0 0 0 0 2097152
527060800 0 0 0 0 0 0 2097152
527064000 0 1 0 0 0 0 2097152
527067200 0 1 0 0 0 0 2097152
527070400 0 0 0 0 0 0 2097152
527073600 0 0 0 0 0 0 2097152
527076800 0 0 0 0 0 0 2097152
527080000 0 1 0 0 0 0 2097152
527083200 0 0 0 0 0 0 2097152
527086400 0 1 0 0 0 0 2097152
527089600 0 0 0 0 0 0 2097152
527092800 0 1 0 0 0 0 2097152
527096000 0 0 0 0 0 0 2097152
527099200 0 1 0 0 0 0 2097152
527102400 0 1 0 0 0 0 2097152
539500000 0 0 0 0 0 0 2097152
539503200 0 0 0 0 0 0 2097152
539506400 0 0 0 0 0 0 2097152
539509600 0 0 0 0 0 0 2097152
539512800 0 0 0 0 0 0 2097152
539516000 0 1 0 0 0 0 2097152
539519200 0 0 0 0 0 0 2097152
539522400 0 0 0 0 0 0 2097152
539525600 0 1 0 0 0 0 2097152
539528800 0 1 0 0 0 0 2097152
539532000 0 1 0 0 0 0 2097152
539535200 0 0 0 0 0 0 2097152
539538400 0 1 0 0 0 0 2097152
539541600 0 0 0 0 0 0 2097152
539544800 0 1 0 0 0 0 2097152
539548000 0 0 0 0 0 0 2097152
539551200 0 0 0 0 0 0 2097152
539554400 0 0 0 0 0 0 2097152
539557600 0 1 0 0 0 0 2097152
539560800 0 0 0 0 0 0 2097152
539564000 0 1 0 0 0 0 2097152
539567200 0 1 0 0 0 0 2097152
539570400 0 0 0 0 0 0 2097152
539573600 0 0 0 0 0 0 2097152
539576800 0 0 0 0 0 0 2097152
539580000 0 1 0 0 0 0 2097152
539583200 0 0 0 0 0 0 2097152
539586400 0 1 0 0 0 0 2097152
539589600 0 0 0 0 0 0 2097152
539592800 0 1 0 0 0 0 2097152
539596000 0 0 0 0 0 0 2097152
539599200 0 1 0 0 0 0 2097152
539602400 0 1 0 0 0 0 2097152
547000000 0 0 0 0 0 0 2097152
547003200 0 0 0 0 0 0 2097152
547006400 0 0 0 0 0 0 2097152
547009600 0 0 0 0 0 0 2097152
547012800 0 0 0 0 0 0 2097152
547016000 0 0 0 0 0 0 2097152
547019200 0 0 0 0 0 0 2097152
547022400 0 0 0 0 0 0 2097152
547025600 0 1 0 0 0 0 2097152
547028800 0 1 0 0 0 0 2097152
547032000 0 1 0 0 0 0 2097152
547035200 0 0 0 0 0 0 2097152
547038400 0 1 0 0 0 0 2097152
547041600 0 1 0 0 0 0 2097152
547044800 0 0 0 0 0 0 2097152
547048000 0 0 0 0 0 0 2097152
547051200 0 0 0 0 0 0 2097152
547054400 0 0 0 0 0 0 2097152
547057600 0 1 0 0 0 0 2097152
547060800 0 0 0 0 0 0 2097152
547064000 0 1 0 0 0 0 2097152
547067200 0 1 0 0 0 0 2097152
547070400 0 0 0 0 0 0 2097152
547073600 0 0 0 0 0 0 2097152
547076800 0 0 0 0 0 0 2097152
547080000 0 0 0 0 0 0 2097152
547083200 0 0 0 0 0 0 2097152
547086400 0 0 0 0 0 0 2097152
547089600 0 0 0 0 0 0 2097152
547092800 0 0 0 0 0 0 2097152
547096000 0 0 0 0 0 0 2097152
547099200 0 1 0 0 0 0 2097152
547102400 0 1 0 0 0 0 2097152
552000000 0 0 0 0 0 0 2097152
552003200 0 0 0 0 0 0 2097152
552006400 0 0 0 0 0 0 2097152
552009600 0 0 0 0 0 0 2097152
552012800 0 0 0 0 0 0 2097152
552016000 0 1 0 0 0 0 2097152
552019200 0 0 0 0 0 0 2097152
552022400 0 0 0 0 0 0 2097152
552025600 0 1 0 0 0 0 2097152
552028800 0 1 0 0 0 0 2097152
552032000 0 1 0 0 0 0 2097152
552035200 0 0 0 0 0 0 2097152
552038400 0 0 0 0 0 0 2097152
552041600 0 0 0 0 0 0 2097152
552044800 0 0 0 0 0 0 2097152
552048000 0 1 0 0 0 0 2097152
552051200 0 0 0 0 0 0 2097152
552054400 0 0 0 0 0 0 2097152
552057600 0 1 0 0 0 0 2097152
552060800 0 0 0 0 0 0 2097152
552064000 0 1 0 0 0 0 2097152
552067200 0 1 0 0 0 0 2097152
552070400 0 0 0 0 0 0 2097152
552073600 0 0 0 0 0 0 2097152
552076800 0 0 0 0 0 0 2097152
552080000 0 0 0 0 0 0 2097152
552083200 0 0 0 0 0 0 2097152
552086400 0 0 0 0 0 0 2097152
552089600 0 1 0 0 0 0 2097152
552092800 0 1 0 0 0 0 2097152
552096000 0 0 0 0 0 0 2097152
552099200 0 1 0 0 0 0 2097152
552102400 0 1 0 0 0 0 2097152
559500000 0 0 0 0 0 0 2097152
559503200 0 0 0 0 0 0 2097152
559506400 0 0 0 0 0 0 2097152
559509600 0 0 0 0 0 0 2097152
559512800 0 0 0 0 0 0 2097152
559516000 0 0 0 0 0 0 2097152
559519200 0 0 0 0 0 0 2097152
559522400 0 0 0 0 0 0 2097152
559525600 0 1 0 0 0 0 2097152
559528800 0 1 0 0 0 0 2097152
559532000 0 1 0 0 0 0 2097152
559535200 0 0 0 0 0 0 2097152
559538400 0 1 0 0 0 0 2097152
559541600 0 0 0 0 0 0 2097152
559544800 0 1 0 0 0 0 2097152
559548000 0 0 0 0 0 0 2097152
559551200 0 0 0 0 0 0 2097152
559554400 0 0 0 0 0 0 2097152
559557600 0 1 0 0 0 0 2097152
559560800 0 0 0 0 0 0 2097152
559564000 0 1 0 0 0 0 2097152
559567200 0 1 0 0 0 0 2097152
559570400 0 0 0 0 0 0 2097152
559573600 0 0 0 0 0 0 2097152
559576800 0 0 0 0 0 0 2097152
559580000 0 0 0 0 0 0 2097152
559583200 0 0 0 0 0 0 2097152
559586400 0 0 0 0 0 0 2097152
559589600 0 0 0 0 0 0 2097152
559592800 0 0 0 0 0 0 2097152
559596000 0 0 0 0 0 0 2097152
559599200 0 1 0 0 0 0 2097152
559602400 0 1 0 0 0 0 2097152
572000000 0 0 0 0 0 0 2097152
572003200 0 0 0 0 0 0 2097152
572006400 0 0 0 0 0 0 2097152
572009600 0 0 0 0 0 0 2097152
572012800 0 0 0 0 0 0 2097152
572016000 0 0 0 0 0 0 2097152
572019200 0 0 0 0 0 0 2097152
572022400 0 0 0 0 0 0 2097152
572025600 0 1 0 0 0 0 2097152
572028800 0 1 0 0 0 0 2097152
572032000 0 1 0 0 0 0 2097152
572035200 0 0 0 0 0 0 2097152
572038400 0 0 0 0 0 0 2097152
572041600 0 0 0 0 0 0 2097152
572044800 0 0 0 0 0 0 2097152
572048000 0 1 0 0 0 0 2097152
572051200 0 0 0 0 0 0 2097152
572054400 0 0 0 0 0 0 2097152
572057600 0 1 0 0 0 0 2097152
572060800 0 0 0 0 0 0 2097152
572064000 0 1 0 0 0 0 2097152
572067200 0 1 0 0 0 0 2097152
572070400 0 0 0 0 0 0 2097152
572073600 0 0 0 0 0 0 2097152
572076800 0 0 0 0 0 0 2097152
572080000 0 0 0 0 0 0 2097152
572083200 0 0 0 0 0 0 2097152
572086400 0 0 0 0 0 0 2097152
572089600 0 0 0 0 0 0 2097152
572092800 0 0 0 0 0 0 2097152
572096000 0 0 0 0 0 0 2097152
572099200 0 1 0 0 0 0 2097152
572102400 0 1 0 0 0 0 2097152
595750000 0 0 0 0 0 0 2097152
595753200 0 0 0 0 0 0 2097152
595756400 0 0 0 0 0 0 2097152
595759600 0 0 0 0 0 0 2097152
595762800 0 0 0 0 0 0 2097152
595766000 0 0 0 0 0 0 2097152
595769200 0 0 0 0 0 0 2097152
595772400 0 0 0 0 0 0 2097152
595775600 0 1 0 0 0 0 2097152
595778800 0 1 0 0 0 0 2097152
595782000 0 1 0 0 0 0 2097152
595785200 0 0 0 0 0 0 2097152
595788400 0 1 0 0 0 0 2097152
595791600 0 0 0 0 0 0 2097152
595794800 0 1 0 0 0 0 2097152
595798000 0 1 0 0 0 0 2097152
595801200 0 0 0 0 0 0 2097152
595804400 0 1 0 0 0 0 2097152
595807600 0 0 0 0 0 0 2097152
595810800 0 0 0 0 0 0 2097152
595814000 0 1 0 0 0 0 2097152
595817200 0 1 0 0 0 0 2097152
595820400 0 0 0 0 0 0 2097152
595823600 0 0 0 0 0 0 2097152
595826800 0 0 0 0 0 0 2097152
595830000 0 0 0 0 0 0 2097152
595833200 0 0 0 0 0 0 2097152
595836400 0 0 0 0 0 0 2097152
595839600 0 0 0 0 0 0 2097152
595842800 0 0 0 0 0 0 2097152
595846000 0 0 0 0 0 0 2097152
595849200 0 1 0 0 0 0 2097152
595852400 0 1 0 0 0 0 2097152
602000000 0 0 0 0 0 0 2097152
602003200 0 0 0 0 0 0 2097152
602006400 0 0 0 0 0 0 2097152
602009600 0 0 0 0 0 0 2097152
602012800 0 0 0 0 0 0 2097152
602016000 0 1 0 0 0 0 2097152
602019200 0 0 0 0 0 0 2097152
602022400 0 0 0 0 0 0 2097152
602025600 0 1 0 0 0 0 2097152
602028800 0 1 0 0 0 0 2097152
602032000 0 1 0 0 0 0 2097152
602035200 0 0 0 0 0 0 2097152
602038400 0 1 0 0 0 0 2097152
602041600 0 0 0 0 0 0 2097152
602044800 0 0 0 0 0 0 2097152
602048000 0 1 0 0 0 0 2097152
602051200 0 0 0 0 0 0 2097152
602054400 0 1 0 0 0 0 2097152
602057600 0 0 0 0 0 0 2097152
602060800 0 0 0 0 0 0 2097152
602064000 0 1 0 0 0 0 2097152
602067200 0 1 0 0 0 0 2097152
602070400 0 0 0 0 0 0 2097152
602073600 0 0 0 0 0 0 2097152
602076800 0 0 0 0 0 0 2097152
602080000 0 1 0 0 0 0 2097152
602083200 0 0 0 0 0 0 2097152
602086400 0 0 0 0 0 0 2097152
602089600 0 1 0 0 0 0 2097152
602092800 0 1 0 0 0 0 2097152
602096000 0 0 0 0 0 0 2097152
602099200 0 1 0 0 0 0 2097152
602102400 0 1 0 0 0 0 2097152
602105600 0 0 0 0 0 0 2097152
602108800 0 0 0 0 0 0 2097152
602112000 0 0 0 0 0 0 2097152
602115200 0 0 0 0 0 0 2097152
602118400 0 0 0 0 0 0 2097152
602121600 0 1 0 0 0 0 2097152
602124800 0 0 0 0 0 0 2097152
602128000 0 0 0 0 0 0 2097152
602131200 0 1 0 0 0 0 2097152
602134400 0 1 0 0 0 0 2097152
602137600 0 1 0 0 0 0 2097152
602140800 0 0 0 0 0 0 2097152
602144000 0 1 0 0 0 0 2097152
602147200 0 0 0 0 0 0 2097152
602150400 0 1 0 0 0 0 2097152
602153600 0 0 0 0 0 0 2097152
602156800 0 0 0 0 0 0 2097152
602160000 0 0 0 0 0 0 2097152
602163200 0 1 0 0 0 0 2097152
602166400 0 0 0 0 0 0 2097152
602169600 0 1 0 0 0 0 2097152
602172800 0 1 0 0 0 0 2097152
602176000 0 0 0 0 0 0 2097152
602179200 0 0 0 0 0 0 2097152
602182400 0 0 0 0 0 0 2097152
602185600 0 0 0 0 0 0 2097152
602188800 0 0 0 0 0 0 2097152
602192000 0 0 0 0 0 0 2097152
602195200 0 1 0 0 0 0 2097152
602198400 0 1 0 0 0 0 2097152
602201600 0 0 0 0 0 0 2097152
602204800 0 1 0 0 0 0 2097152
602208000 0 1 0 0 0 0 2097152
622000000 0 0 0 0 0 0 2097152
622003200 0 0 0 0 0 0 2097152
622006400 0 0 0 0 0 0 2097152
622009600 0 0 0 0 0 0 2097152
622012800 0 0 0 0 0 0 2097152
622016000 0 0 0 0 0 0 2097152
622019200 0 0 0 0 0 0 2097152
622022400 0 0 0 0 0 0 2097152
622025600 0 1 0 0 0 0 2097152
622028800 0 1 0 0 0 0 2097152
622032000 0 1 0 0 0 0 2097152
622035200 0 0 0 0 0 0 2097152
622038400 0 1 0 0 0 0 2097152
622041600 0 0 0 0 0 0 2097152
622044800 0 1 0 0 0 0 2097152
622048000 0 0 0 0 0 0 2097152
622051200 0 0 0 0 0 0 2097152
622054400 0 0 0 0 0 0 2097152
622057600 0 1 0 0 0 0 2097152
622060800 0 0 0 0 0 0 2097152
622064000 0 1 0 0 0 0 2097152
622067200 0 1 0 0 0 0 2097152
622070400 0 0 0 0 0 0 2097152
622073600 0 0 0 0 0 0 2097152
622076800 0 0 0 0 0 0 2097152
622080000 0 0 0 0 0 0 2097152
622083200 0 0 0 0 0 0 2097152
622086400 0 0 0 0 0 0 2097152
622089600 0 0 0 0 0 0 2097152
622092800 0 0 0 0 0 0 2097152
622096000 0 0 0 0 0 0 2097152
622099200 0 1 0 0 0 0 2097152
622102400 0 1 0 0 0 0 2097152
627000000 0 0 0 0 0 0 2097152
627003200 0 0 0 0 0 0 2097152
627006400 0 0 0 0 0 0 2097152
627009600 0 0 0 0 0 0 2097152
627012800 0 0 0 0 0 0 2097152
627016000 0 1 0 0 0 0 2097152
627019200 0 0 0 0 0 0 2097152
627022400 0 0 0 0 0 0 2097152
627025600 0 1 0 0 0 0 2097152
627028800 0 1 0 0 0 0 2097152
627032000 0 1 0 0 0 0 2097152
627035200 0 0 0 0 0 0 2097152
627038400 0 0 0 0 0 0 2097152
627041600 0 0 0 0 0 0 2097152
627044800 0 0 0 0 0 0 2097152
627048000 0 1 0 0 0 0 2097152
627051200 0 0 0 0 0 0 2097152
627054400 0 0 0 0 0 0 2097152
627057600 0 1 0 0 0 0 2097152
627060800 0 0 0 0 0 0 2097152
627064000 0 1 0 0 0 0 2097152
627067200 0 1 0 0 0 0 2097152
627070400 0 0 0 0 0 0 2097152
627073600 0 0 0 0 0 0 2097152
627076800 0 0 0 0 0 0 2097152
627080000 0 1 0 0 0 0 2097152
627083200 0 0 0 0 0 0 2097152
627086400 0 1 0 0 0 0 2097152
627089600 0 0 0 0 0 0 2097152
627092800 0 1 0 0 0 0 2097152
627096000 0 0 0 0 0 0 2097152
627099200 0 1 0 0 0 0 2097152
627102400 0 1 0 0 0 0 2097152
639500000 0 0 0 0 0 0 2097152
639503200 0 0 0 0 0 0 2097152
639506400 0 0 0 0 0 0 2097152
639509600 0 0 0 0 0 0 2097152
639512800 0 0 0 0 0 0 2097152
639516000 0 1 0 0 0 0 2097152
639519200 0 0 0 0 0 0 2097152
639522400 0 0 0 0 0 0 2097152
639525600 0 1 0 0 0 0 2097152
639528800 0 1 0 0 0 0 2097152
639532000 0 1 0 0 0 0 2097152
639535200 0 0 0 0 0 0 2097152
639538400 0 0 0 0 0 0 2097152
639541600 0 1 0 0 0 0 2097152
639544800 0 0 0 0 0 0 2097152
639548000 0 1 0 0 0 0 2097152
639551200 0 0 0 0 0 0 2097152
639554400 0 0 0 0 0 0 2097152
639557600 0 1 0 0 0 0 2097152
639560800 0 0 0 0 0 0 2097152
639564000 0 1 0 0 0 0 2097152
639567200 0 1 0 0 0 0 2097152
639570400 0 0 0 0 0 0 2097152
639573600 0 0 0 0 0 0 2097152
639576800 0 0 0 0 0 0 2097152
639580000 0 1 0 0 0 0 2097152
639583200 0 0 0 0 0 0 2097152
639586400 0 1 0 0 0 0 2097152
639589600 0 0 0 0 0 0 2097152
639592800 0 1 0 0 0 0 2097152
639596000 0 0 0 0 0 0 2097152
639599200 0 1 0 0 0 0 2097152
639602400 0 1 0 0 0 0 2097152
647000000 0 0 0 0 0 0 2097152
647003200 0 0 0 0 0 0 2097152
647006400 0 0 0 0 0 0 2097152
647009600 0 0 0 0 0 0 2097152
647012800 0 0 0 0 0 0 2097152
647016000 0 0 0 0 0 0 2097152
647019200 0 0 0 0 0 0 2097152
647022400 0 0 0 0 0 0 2097152
647025600 0 1 0 0 0 0 2097152
647028800 0 1 0 0 0 0 2097152
647032000 0 1 0 0 0 0 2097152
647035200 0 0 0 0 0 0 2097152
647038400 0 0 0 0 0 0 2097152
647041600 0 0 0 0 0 0 2097152
647044800 0 0 0 0 0 0 2097152
647048000 0 1 0 0 0 0 2097152
647051200 0 0 0 0 0 0 2097152
647054400 0 0 0 0 0 0 2097152
647057600 0 1 0 0 0 0 2097152
647060800 0 0 0 0 0 0 2097152
647064000 0 1 0 0 0 0 2097152
647067200 0 1 0 0 0 0 2097152
647070400 0 0 0 0 0 0 2097152
647073600 0 0 0 0 0 0 2097152
647076800 0 0 0 0 0 0 2097152
647080000 0 0 0 0 0 0 2097152
647083200 0 0 0 0 0 0 2097152
647086400 0 0 0 0 0 0 2097152
647089600 0 0 0 0 0 0 2097152
647092800 0 0 0 0 0 0 2097152
647096000 0 0 0 0 0 0 2097152
647099200 0 1 0 0 0 0 2097152
647102400 0 1 0 0 0 0 2097152
652000000 0 0 0 0 0 0 2097152
652003200 0 0 0 0 0 0 2097152
652006400 0 0 0 0 0 0 2097152
652009600 0 0 0 0 0 0 2097152
652012800 0 0 0 0 0 0 2097152
652016000 0 1 0 0 0 0 2097152
652019200 0 0 0 0 0 0 2097152
652022400 0 0 0 0 0 0 2097152
652025600 0 1 0 0 0 0 2097152
652028800 0 1 0 0 0 0 2097152
652032000 0 1 0 0 0 0 2097152
652035200 0 0 0 0 0 0 2097152
652038400 0 0 0 0 0 0 2097152
652041600 0 0 0 0 0 0 2097152
652044800 0 1 0 0 0 0 2097152
652048000 0 1 0 0 0 0 2097152
652051200 0 0 0 0 0 0 2097152
652054400 0 0 0 0 0 0 2097152
652057600 0 1 0 0 0 0 2097152
652060800 0 0 0 0 0 0 2097152
652064000 0 1 0 0 0 0 2097152
652067200 0 1 0 0 0 0 2097152
652070400 0 0 0 0 0 0 2097152
652073600 0 0 0 0 0 0 2097152
652076800 0 0 0 0 0 0 2097152
652080000 0 0 0 0 0 0 2097152
652083200 0 0 0 0 0 0 2097152
652086400 0 0 0 0 0 0 2097152
652089600 0 1 0 0 0 0 2097152
652092800 0 1 0 0 0 0 2097152
652096000 0 0 0 0 0 0 2097152
652099200 0 1 0 0 0 0 2097152
652102400 0 1 0 0 0 0 2097152
659500000 0 0 0 0 0 0 2097152
659503200 0 0 0 0 0 0 2097152
659506400 0 0 0 0 0 0 2097152
659509600 0 0 0 0 0 0 2097152
659512800 0 0 0 0 0 0 2097152
659516000 0 0 0 0 0 0 2097152
659519200 0 0 0 0 0 0 2097152
659522400 0 0 0 0 0 0 2097152
659525600 0 1 0 0 0 0 2097152
659528800 0 1 0 0 0 0 2097152
659532000 0 1 0 0 0 0 2097152
659535200 0 0 0 0 0 0 2097152
659538400 0 0 0 0 0 0 2097152
659541600 0 1 0 0 0 0 2097152
659544800 0 0 0 0 0 0 2097152
659548000 0 1 0 0 0 0 2097152
659551200 0 0 0 0 0 0 2097152
659554400 0 0 0 0 0 0 2097152
659557600 0 1 0 0 0 0 2097152
659560800 0 0 0 0 0 0 2097152
659564000 0 1 0 0 0 0 2097152
659567200 0 1 0 0 0 0 2097152
659570400 0 0 0 0 0 0 2097152
659573600 0 0 0 0 0 0 2097152
659576800 0 0 0 0 0 0 2097152
659580000 0 0 0 0 0 0 2097152
659583200 0 0 0 0 0 0 2097152
659586400 0 0 0 0 0 0 2097152
659589600 0 0 0 0 0 0 2097152
659592800 0 0 0 0 0 0 2097152
659596000 0 0 0 0 0 0 2097152
659599200 0 1 0 0 0 0 2097152
659602400 0 1 0 0 0 0 2097152
664500000 0 0 0 0 0 0 2097152
664503200 0 0 0 0 0 0 2097152
664506400 0 0 0 0 0 0 2097152
664509600 0 0 0 0 0 0 2097152
664512800 0 0 0 0 0 0 2097152
664516000 0 1 0 0 0 0 2097152
664519200 0 0 0 0 0 0 2097152
664522400 0 0 0 0 0 0 2097152
664525600 0 1 0 0 0 0 2097152
664528800 0 1 0 0 0 0 2097152
664532000 0 1 0 0 0 0 2097152
664535200 0 0 0 0 0 0 2097152
664538400 0 1 0 0 0 0 2097152
664541600 0 1 0 0 0 0 2097152
664544800 0 1 0 0 0 0 2097152
664548000 0 1 0 0 0 0 2097152
664551200 0 0 0 0 0 0 2097152
664554400 0 0 0 0 0 0 2097152
664557600 0 1 0 0 0 0 2097152
664560800 0 0 0 0 0 0 2097152
664564000 0 1 0 0 0 0 2097152
664567200 0 1 0 0 0 0 2097152
664570400 0 0 0 0 0 0 2097152
664573600 0 0 0 0 0 0 2097152
664576800 0 0 0 0 0 0 2097152
664580000 0 1 0 0 0 0 2097152
664583200 0 0 0 0 0 0 2097152
664586400 0 1 0 0 0 0 2097152
664589600 0 0 0 0 0 0 2097152
664592800 0 1 0 0 0 0 2097152
664596000 0 0 0 0 0 0 2097152
664599200 0 1 0 0 0 0 2097152
664602400 0 1 0 0 0 0 2097152
672000000 0 0 0 0 0 0 2097152
672003200 0 0 0 0 0 0 2097152
672006400 0 0 0 0 0 0 2097152
672009600 0 0 0 0 0 0 2097152
672012800 0 0 0 0 0 0 2097152
672016000 0 0 0 0 0 0 2097152
672019200 0 0 0 0 0 0 2097152
672022400 0 0 0 0 0 0 2097152
672025600 0 1 0 0 0 0 2097152
672028800 0 1 0 0 0 0 2097152
672032000 0 1 0 0 0 0 2097152
672035200 0 0 0 0 0 0 2097152
672038400 0 0 0 0 0 0 2097152
672041600 0 0 0 0 0 0 2097152
672044800 0 1 0 0 0 0 2097152
672048000 0 1 0 0 0 0 2097152
672051200 0 0 0 0 0 0 2097152
672054400 0 0 0 0 0 0 2097152
672057600 0 1 0 0 0 0 2097152
672060800 0 0 0 0 0 0 2097152
672064000 0 1 0 0 0 0 2097152
672067200 0 1 0 0 0 0 2097152
672070400 0 0 0 0 0 0 2097152
672073600 0 0 0 0 0 0 2097152
672076800 0 0 0 0 0 0 2097152
672080000 0 0 0 0 0 0 2097152
672083200 0 0 0 0 0 0 2097152
672086400 0 0 0 0 0 0 2097152
672089600 0 0 0 0 0 0 2097152
672092800 0 0 0 0 0 0 2097152
672096000 0 0 0 0 0 0 2097152
672099200 0 1 0 0 0 0 2097152
672102400 0 1 0 0 0 0 2097152
677000000 0 0 0 0 0 0 2097152
677003200 0 0 0 0 0 0 2097152
677006400 0 0 0 0 0 0 2097152
677009600 0 0 0 0 0 0 2097152
677012800 0 0 0 0 0 0 2097152
677016000 0 1 0 0 0 0 2097152
677019200 0 0 0 0 0 0 2097152
677022400 0 0 0 0 0 0 2097152
677025600 0 1 0 0 0 0 2097152
677028800 0 1 0 0 0 0 2097152
677032000 0 1 0 0 0 0 2097152
677035200 0 0 0 0 0 0 2097152
677038400 0 0 0 0 0 0 2097152
677041600 0 0 0 0 0 0 2097152
677044800 0 1 0 0 0 0 2097152
677048000 0 1 0 0 0 0 2097152
677051200 0 0 0 0 0 0 2097152
677054400 0 0 0 0 0 0 2097152
677057600 0 1 0 0 0 0 2097152
677060800 0 0 0 0 0 0 2097152
677064000 0 1 0 0 0 0 2097152
677067200 0 1 0 0 0 0 2097152
677070400 0 0 0 0 0 0 2097152
677073600 0 0 0 0 0 0 2097152
677076800 0 0 0 0 0 0 2097152
677080000 0 1 0 0 0 0 2097152
677083200 0 0 0 0 0 0 2097152
677086400 0 1 0 0 0 0 2097152
677089600 0 0 0 0 0 0 2097152
677092800 0 1 0 0 0 0 2097152
677096000 0 0 0 0 0 0 2097152
677099200 0 1 0 0 0 0 2097152
677102400 0 1 0 0 0 0 2097152
684500000 0 0 0 0 0 0 2097152
684503200 0 0 0 0 0 0 2097152
684506400 0 0 0 0 0 0 2097152
684509600 0 0 0 0 0 0 2097152
684512800 0 0 0 0 0 0 2097152
684516000 0 0 0 0 0 0 2097152
684519200 0 0 0 0 0 0 2097152
684522400 0 0 0 0 0 0 2097152
684525600 0 1 0 0 0 0 2097152
684528800 0 1 0 0 0 0 2097152
684532000 0 1 0 0 0 0 2097152
684535200 0 0 0 0 0 0 2097152
684538400 0 1 0 0 0 0 2097152
684541600 0 1 0 0 0 0 2097152
684544800 0 1 0 0 0 0 2097152
684548000 0 1 0 0 0 0 2097152
684551200 0 0 0 0 0 0 2097152
684554400 0 0 0 0 0 0 2097152
684557600 0 1 0 0 0 0 2097152
684560800 0 0 0 0 0 0 2097152
684564000 0 1 0 0 0 0 2097152
684567200 0 1 0 0 0 0 2097152
684570400 0 0 0 0 0 0 2097152
684573600 0 0 0 0 0 0 2097152
684576800 0 0 0 0 0 0 2097152
684580000 0 0 0 0 0 0 2097152
684583200 0 0 0 0 0 0 2097152
684586400 0 0 0 0 0 0 2097152
684589600 0 0 0 0 0 0 2097152
684592800 0 0 0 0 0 0 2097152
684596000 0 0 0 0 0 0 2097152
684599200 0 1 0 0 0 0 2097152
684602400 0 1 0 0 0 0 2097152
689500000 0 0 0 0 0 0 2097152
689503200 0 0 0 0 0 0 2097152
689506400 0 0 0 0 0 0 2097152
689509600 0 0 0 0 0 0 2097152
689512800 0 0 0 0 0 0 2097152
689516000 0 1 0 0 0 0 2097152
689519200 0 0 0 0 0 0 2097152
689522400 0 0 0 0 0 0 2097152
689525600 0 1 0 0 0 0 2097152
689528800 0 1 0 0 0 0 2097152
689532000 0 1 0 0 0 0 2097152
689535200 0 0 0 0 0 0 2097152
689538400 0 0 0 0 0 0 2097152
689541600 0 1 0 0 0 0 2097152
689544800 0 0 0 0 0 0 2097152
689548000 0 1 0 0 0 0 2097152
689551200 0 0 0 0 0 0 2097152
689554400 0 0 0 0 0 0 2097152
689557600 0 1 0 0 0 0 2097152
689560800 0 0 0 0 0 0 2097152
689564000 0 1 0 0 0 0 2097152
689567200 0 1 0 0 0 0 2097152
689570400 0 0 0 0 0 0 2097152
689573600 0 0 0 0 0 0 2097152
689576800 0 0 0 0 0 0 2097152
689580000 0 1 0 0 0 0 2097152
689583200 0 0 0 0 0 0 2097152
689586400 0 1 0 0 0 0 2097152
689589600 0 0 0 0 0 0 2097152
689592800 0 1 0 0 0 0 2097152
689596000 0 0 0 0 0 0 2097152
689599200 0 1 0 0 0 0 2097152
689602400 0 1 0 0 0 0 2097152
695750000 0 0 0 0 0 0 2097152
695753200 0 0 0 0 0 0 2097152
695756400 0 0 0 0 0 0 2097152
695759600 0 0 0 0 0 0 2097152
695762800 0 0 0 0 0 0 2097152
695766000 0 0 0 0 0 0 2097152
695769200 0 0 0 0 0 0 2097152
695772400 0 0 0 0 0 0 2097152
695775600 0 1 0 0 0 0 2097152
695778800 0 1 0 0 0 0 2097152
695782000 0 1 0 0 0 0 2097152
695785200 0 0 0 0 0 0 2097152
695788400 0 1 0 0 0 0 2097152
695791600 0 0 0 0 0 0 2097152
695794800 0 0 0 0 0 0 2097152
695798000 0 1 0 0 0 0 2097152
695801200 0 0 0 0 0 0 2097152
695804400 0 1 0 0 0 0 2097152
695807600 0 0 0 0 0 0 2097152
695810800 0 0 0 0 0 0 2097152
695814000 0 1 0 0 0 0 2097152
695817200 0 1 0 0 0 0 2097152
695820400 0 0 0 0 0 0 2097152
695823600 0 0 0 0 0 0 2097152
695826800 0 0 0 0 0 0 2097152
695830000 0 0 0 0 0 0 2097152
695833200 0 0 0 0 0 0 2097152
695836400 0 0 0 0 0 0 2097152
695839600 0 0 0 0 0 0 2097152
695842800 0 0 0 0 0 0 2097152
695846000 0 0 0 0 0 0 2097152
695849200 0 1 0 0 0 0 2097152
695852400 0 1 0 0 0 0 2097152
697000000 0 0 0 0 0 0 2097152
697003200 0 0 0 0 0 0 2097152
697006400 0 0 0 0 0 0 2097152
697009600 0 0 0 0 0 0 2097152
697012800 0 0 0 0 0 0 2097152
697016000 0 0 0 0 0 0 2097152
697019200 0 0 0 0 0 0 2097152
697022400 0 0 0 0 0 0 2097152
697025600 0 1 0 0 0 0 2097152
697028800 0 1 0 0 0 0 2097152
697032000 0 1 0 0 0 0 2097152
697035200 0 0 0 0 0 0 2097152
697038400 0 0 0 0 0 0 2097152
697041600 0 0 0 0 0 0 2097152
697044800 0 1 0 0 0 0 2097152
697048000 0 1 0 0 0 0 2097152
697051200 0 0 0 0 0 0 2097152
697054400 0 0 0 0 0 0 2097152
697057600 0 1 0 0 0 0 2097152
697060800 0 0 0 0 0 0 2097152
697064000 0 1 0 0 0 0 2097152
697067200 0 1 0 0 0 0 2097152
697070400 0 0 0 0 0 0 2097152
697073600 0 0 0 0 0 0 2097152
697076800 0 0 0 0 0 0 2097152
697080000 0 0 0 0 0 0 2097152
697083200 0 0 0 0 0 0 2097152
697086400 0 0 0 0 0 0 2097152
697089600 0 0 0 0 0 0 2097152
697092800 0 0 0 0 0 0 2097152
697096000 0 0 0 0 0 0 2097152
697099200 0 1 0 0 0 0 2097152
697102400 0 1 0 0 0 0 2097152
702000000 0 0 0 0 0 0 2097152
702003200 0 0 0 0 0 0 2097152
702006400 0 0 0 0 0 0 2097152
702009600 0 0 0 0 0 0 2097152
702012800 0 0 0 0 0 0 2097152
702016000 0 1 0 0 0 0 2097152
702019200 0 0 0 0 0 0 2097152
702022400 0 0 0 0 0 0 2097152
702025600 0 1 0 0 0 0 2097152
702028800 0 1 0 0 0 0 2097152
702032000 0 1 0 0 0 0 2097152
702035200 0 0 0 0 0 0 2097152
702038400 0 1 0 0 0 0 2097152
702041600 0 1 0 0 0 0 2097152
702044800 0 0 0 0 0 0 2097152
702048000 0 1 0 0 0 0 2097152
702051200 0 0 0 0 0 0 2097152
702054400 0 1 0 0 0 0 2097152
702057600 0 0 0 0 0 0 2097152
702060800 0 0 0 0 0 0 2097152
702064000 0 1 0 0 0 0 2097152
702067200 0 1 0 0 0 0 2097152
702070400 0 0 0 0 0 0 2097152
702073600 0 0 0 0 0 0 2097152
702076800 0 0 0 0 0 0 2097152
702080000 0 1 0 0 0 0 2097152
702083200 0 0 0 0 0 0 2097152
702086400 0 0 0 0 0 0 2097152
702089600 0 1 0 0 0 0 2097152
702092800 0 1 0 0 0 0 2097152
702096000 0 0 0 0 0 0 2097152
702099200 0 1 0 0 0 0 2097152
702102400 0 1 0 0 0 0 2097152
702105600 0 0 0 0 0 0 2097152
702108800 0 0 0 0 0 0 2097152
702112000 0 0 0 0 0 0 2097152
702115200 0 0 0 0 0 0 2097152
702118400 0 0 0 0 0 0 2097152
702121600 0 1 0 0 0 0 2097152
702124800 0 0 0 0 0 0 2097152
702128000 0 0 0 0 0 0 2097152
702131200 0 1 0 0 0 0 2097152
702134400 0 1 0 0 0 0 2097152
702137600 0 1 0 0 0 0 2097152
702140800 0 0 0 0 0 0 2097152
702144000 0 0 0 0 0 0 2097152
702147200 0 0 0 0 0 0 2097152
702150400 0 0 0 0 0 0 2097152
702153600 0 1 0 0 0 0 2097152
702156800 0 0 0 0 0 0 2097152
702160000 0 0 0 0 0 0 2097152
702163200 0 1 0 0 0 0 2097152
702166400 0 0 0 0 0 0 2097152
702169600 0 1 0 0 0 0 2097152
702172800 0 1 0 0 0 0 2097152
702176000 0 0 0 0 0 0 2097152
702179200 0 0 0 0 0 0 2097152
702182400 0 0 0 0 0 0 2097152
702185600 0 0 0 0 0 0 2097152
702188800 0 0 0 0 0 0 2097152
702192000 0 0 0 0 0 0 2097152
702195200 0 1 0 0 0 0 2097152
702198400 0 1 0 0 0 0 2097152
702201600 0 0 0 0 0 0 2097152
702204800 0 1 0 0 0 0 2097152
702208000 0 1 0 0 0 0 2097152
709500000 0 0 0 0 0 0 2097152
709503200 0 0 0 0 0 0 2097152
709506400 0 0 0 0 0 0 2097152
709509600 0 0 0 0 0 0 2097152
709512800 0 0 0 0 0 0 2097152
709516000 0 0 0 0 0 0 2097152
709519200 0 0 0 0 0 0 2097152
709522400 0 0 0 0 0 0 2097152
709525600 0 1 0 0 0 0 2097152
709528800 0 1 0 0 0 0 2097152
709532000 0 1 0 0 0 0 2097152
709535200 0 0 0 0 0 0 2097152
709538400 0 0 0 0 0 0 2097152
709541600 0 1 0 0 0 0 2097152
709544800 0 0 0 0 0 0 2097152
709548000 0 1 0 0 0 0 2097152
709551200 0 0 0 0 0 0 2097152
709554400 0 0 0 0 0 0 2097152
709557600 0 1 0 0 0 0 2097152
709560800 0 0 0 0 0 0 2097152
709564000 0 1 0 0 0 0 2097152
709567200 0 1 0 0 0 0 2097152
709570400 0 0 0 0 0 0 2097152
709573600 0 0 0 0 0 0 2097152
709576800 0 0 0 0 0 0 2097152
709580000 0 0 0 0 0 0 2097152
709583200 0 0 0 0 0 0 2097152
709586400 0 0 0 0 0 0 2097152
709589600 0 0 0 0 0 0 2097152
709592800 0 0 0 0 0 0 2097152
709596000 0 0 0 0 0 0 2097152
709599200 0 1 0 0 0 0 2097152
709602400 0 1 0 0 0 0 2097152
722000000 0 0 0 0 0 0 2097152
722003200 0 0 0 0 0 0 2097152
722006400 0 0 0 0 0 0 2097152
722009600 0 0 0 0 0 0 2097152
722012800 0 0 0 0 0 0 2097152
722016000 0 0 0 0 0 0 2097152
722019200 0 0 0 0 0 0 2097152
722022400 0 0 0 0 0 0 2097152
722025600 0 1 0 0 0 0 2097152
722028800 0 1 0 0 0 0 2097152
722032000 0 1 0 0 0 0 2097152
722035200 0 0 0 0 0 0 2097152
722038400 0 0 0 0 0 0 2097152
722041600 0 0 0 0 0 0 2097152
722044800 0 0 0 0 0 0 2097152
722048000 0 1 0 0 0 0 2097152
722051200 0 0 0 0 0 0 2097152
722054400 0 0 0 0 0 0 2097152
722057600 0 1 0 0 0 0 2097152
722060800 0 0 0 0 0 0 2097152
722064000 0 1 0 0 0 0 2097152
722067200 0 1 0 0 0 0 2097152
722070400 0 0 0 0 0 0 2097152
722073600 0 0 0 0 0 0 2097152
722076800 0 0 0 0 0 0 2097152
722080000 0 0 0 0 0 0 2097152
722083200 0 0 0 0 0 0 2097152
722086400 0 0 0 0 0 0 2097152
722089600 0 0 0 0 0 0 2097152
722092800 0 0 0 0 0 0 2097152
722096000 0 0 0 0 0 0 2097152
722099200 0 1 0 0 0 0 2097152
722102400 0 1 0 0 0 0 2097152
727000000 0 0 0 0 0 0 2097152
727003200 0 0 0 0 0 0 2097152
727006400 0 0 0 0 0 0 2097152
727009600 0 0 0 0 0 0 2097152
727012800 0 0 0 0 0 0 2097152
727016000 0 1 0 0 0 0 2097152
727019200 0 0 0 0 0 0 2097152
727022400 0 0 0 0 0 0 2097152
727025600 0 1 0 0 0 0 2097152
727028800 0 1 0 0 0 0 2097152
727032000 0 1 0 0 0 0 2097152
727035200 0 0 0 0 0 0 2097152
727038400 0 0 0 0 0 0 2097152
727041600 0 1 0 0 0 0 2097152
727044800 0 0 0 0 0 0 2097152
727048000 0 1 0 0 0 0 2097152
727051200 0 0 0 0 0 0 2097152
727054400 0 0 0 0 0 0 2097152
727057600 0 1 0 0 0 0 2097152
727060800 0 0 0 0 0 0 2097152
727064000 0 1 0 0 0 0 2097152
727067200 0 1 0 0 0 0 2097152
727070400 0 0 0 0 0 0 2097152
727073600 0 0 0 0 0 0 2097152
727076800 0 0 0 0 0 0 2097152
727080000 0 1 0 0 0 0 2097152
727083200 0 0 0 0 0 0 2097152
727086400 0 1 0 0 0 0 2097152
727089600 0 0 0 0 0 0 2097152
727092800 0 1 0 0 0 0 2097152
727096000 0 0 0 0 0 0 2097152
727099200 0 1 0 0 0 0 2097152
727102400 0 1 0 0 0 0 2097152
739500000 0 0 0 0 0 0 2097152
739503200 0 0 0 0 0 0 2097152
739506400 0 0 0 0 0 0 2097152
739509600 0 0 0 0 0 0 2097152
739512800 0 0 0 0 0 0 2097152
739516000 0 1 0 0 0 0 2097152
739519200 0 0 0 0 0 0 2097152
739522400 0 0 0 0 0 0 2097152
739525600 0 1 0 0 0 0 2097152
739528800 0 1 0 0 0 0 2097152
739532000 0 1 0 0 0 0 2097152
739535200 0 0 0 0 0 0 2097152
739538400 0 0 0 0 0 0 2097152
739541600 0 0 0 0 0 0 2097152
739544800 0 0 0 0 0 0 2097152
739548000 0 1 0 0 0 0 2097152
739551200 0 0 0 0 0 0 2097152
739554400 0 0 0 0 0 0 2097152
739557600 0 1 0 0 0 0 2097152
739560800 0 0 0 0 0 0 2097152
739564000 0 1 0 0 0 0 2097152
739567200 0 1 0 0 0 0 2097152
739570400 0 0 0 0 0 0 2097152
739573600 0 0 0 0 0 0 2097152
739576800 0 0 0 0 0 0 2097152
739580000 0 1 0 0 0 0 2097152
739583200 0 0 0 0 0 0 2097152
739586400 0 1 0 0 0 0 2097152
739589600 0 0 0 0 0 0 2097152
739592800 0 1 0 0 0 0 2097152
739596000 0 0 0 0 0 0 2097152
739599200 0 1 0 0 0 0 2097152
739602400 0 1 0 0 0 0 2097152
747000000 0 0 0 0 0 0 2097152
747003200 0 0 0 0 0 0 2097152
747006400 0 0 0 0 0 0 2097152
747009600 0 0 0 0 0 0 2097152
747012800 0 0 0 0 0 0 2097152
747016000 0 0 0 0 0 0 2097152
747019200 0 0 0 0 0 0 2097152
747022400 0 0 0 0 0 0 2097152
747025600 0 1 0 0 0 0 2097152
747028800 0 1 0 0 0 0 2097152
747032000 0 1 0 0 0 0 2097152
747035200 0 0 0 0 0 0 2097152
747038400 0 0 0 0 0 0 2097152
747041600 0 1 0 0 0 0 2097152
747044800 0 0 0 0 0 0 2097152
747048000 0 1 0 0 0 0 2097152
747051200 0 0 0 0 0 0 2097152
747054400 0 0 0 0 0 0 2097152
747057600 0 1 0 0 0 0 2097152
747060800 0 0 0 0 0 0 2097152
747064000 0 1 0 0 0 0 2097152
747067200 0 1 0 0 0 0 2097152
747070400 0 0 0 0 0 0 2097152
747073600 0 0 0 0 0 0 2097152
747076800 0 0 0 0 0 0 2097152
747080000 0 0 0 0 0 0 2097152
747083200 0 0 0 0 0 0 2097152
747086400 0 0 0 0 0 0 2097152
747089600 0 0 0 0 0 0 2097152
747092800 0 0 0 0 0 0 2097152
747096000 0 0 0 0 0 0 2097152
747099200 0 1 0 0 0 0 2097152
747102400 0 1 0 0 0 0 2097152
752000000 0 0 0 0 0 0 2097152
752003200 0 0 0 0 0 0 2097152
752006400 0 0 0 0 0 0 2097152
752009600 0 0 0 0 0 0 2097152
752012800 0 0 0 0 0 0 2097152
752016000 0 1 0 0 0 0 2097152
752019200 0 0 0 0 0 0 2097152
752022400 0 0 0 0 0 0 2097152
752025600 0 1 0 0 0 0 2097152
752028800 0 1 0 0 0 0 2097152
752032000 0 1 0 0 0 0 2097152
752035200 0 0 0 0 0 0 2097152
752038400 0 1 0 0 0 0 2097152
752041600 0 0 0 0 0 0 2097152
752044800 0 1 0 0 0 0 2097152
752048000 0 0 0 0 0 0 2097152
752051200 0 0 0 0 0 0 2097152
752054400 0 0 0 0 0 0 2097152
752057600 0 1 0 0 0 0 2097152
752060800 0 0 0 0 0 0 2097152
752064000 0 1 0 0 0 0 2097152
752067200 0 1 0 0 0 0 2097152
752070400 0 0 0 0 0 0 2097152
752073600 0 0 0 0 0 0 2097152
752076800 0 0 0 0 0 0 2097152
752080000 0 0 0 0 0 0 2097152
752083200 0 0 0 0 0 0 2097152
752086400 0 0 0 0 0 0 2097152
752089600 0 1 0 0 0 0 2097152
752092800 0 1 0 0 0 0 2097152
752096000 0 0 0 0 0 0 2097152
752099200 0 1 0 0 0 0 2097152
752102400 0 1 0 0 0 0 2097152
759500000 0 0 0 0 0 0 2097152
759503200 0 0 0 0 0 0 2097152
759506400 0 0 0 0 0 0 2097152
759509600 0 0 0 0 0 0 2097152
759512800 0 0 0 0 0 0 2097152
759516000 0 0 0 0 0 0 2097152
759519200 0 0 0 0 0 0 2097152
759522400 0 0 0 0 0 0 2097152
759525600 0 1 0 0 0 0 2097152
759528800 0 1 0 0 0 0 2097152
759532000 0 1 0 0 0 0 2097152
759535200 0 0 0 0 0 0 2097152
759538400 0 0 0 0 0 0 2097152
759541600 0 0 0 0 0 0 2097152
759544800 0 0 0 0 0 0 2097152
759548000 0 1 0 0 0 0 2097152
759551200 0 0 0 0 0 0 2097152
759554400 0 0 0 0 0 0 2097152
759557600 0 1 0 0 0 0 2097152
759560800 0 0 0 0 0 0 2097152
759564000 0 1 0 0 0 0 2097152
759567200 0 1 0 0 0 0 2097152
759570400 0 0 0 0 0 0 2097152
759573600 0 0 0 0 0 0 2097152
759576800 0 0 0 0 0 0 2097152
759580000 0 0 0 0 0 0 2097152
759583200 0 0 0 0 0 0 2097152
759586400 0 0 0 0 0 0 2097152
759589600 0 0 0 0 0 0 2097152
759592800 0 0 0 0 0 0 2097152
759596000 0 0 0 0 0 0 2097152
759599200 0 1 0 0 0 0 2097152
759602400 0 1 0 0 0 0 2097152
772000000 0 0 0 0 0 0 2097152
772003200 0 0 0 0 0 0 2097152
772006400 0 0 0 0 0 0 2097152
772009600 0 0 0 0 0 0 2097152
772012800 0 0 0 0 0 0 2097152
772016000 0 0 0 0 0 0 2097152
772019200 0 0 0 0 0 0 2097152
772022400 0 0 0 0 0 0 2097152
772025600 0 1 0 0 0 0 2097152
772028800 0 1 0 0 0 0 2097152
772032000 0 1 0 0 0 0 2097152
772035200 0 0 0 0 0 0 2097152
772038400 0 1 0 0 0 0 2097152
772041600 0 0 0 0 0 0 2097152
772044800 0 1 0 0 0 0 2097152
772048000 0 0 0 0 0 0 2097152
772051200 0 0 0 0 0 0 2097152
772054400 0 0 0 0 0 0 2097152
772057600 0 1 0 0 0 0 2097152
772060800 0 0 0 0 0 0 2097152
772064000 0 1 0 0 0 0 2097152
772067200 0 1 0 0 0 0 2097152
772070400 0 0 0 0 0 0 2097152
772073600 0 0 0 0 0 0 2097152
772076800 0 0 0 0 0 0 2097152
772080000 0 0 0 0 0 0 2097152
772083200 0 0 0 0 0 0 2097152
772086400 0 0 0 0 0 0 2097152
772089600 0 0 0 0 0 0 2097152
772092800 0 0 0 0 0 0 2097152
772096000 0 0 0 0 0 0 2097152
772099200 0 1 0 0 0 0 2097152
772102400 0 1 0 0 0 0 2097152
795750000 0 0 0 0 0 0 2097152
795753200 0 0 0 0 0 0 2097152
795756400 0 0 0 0 0 0 2097152
795759600 0 0 0 0 0 0 2097152
795762800 0 0 0 0 0 0 2097152
795766000 0 0 0 0 0 0 2097152
795769200 0 0 0 0 0 0 2097152
795772400 0 0 0 0 0 0 2097152
795775600 0 1 0 0 0 0 2097152
795778800 0 1 0 0 0 0 2097152
795782000 0 1 0 0 0 0 2097152
795785200 0 0 0 0 0 0 2097152
795788400 0 1 0 0 0 0 2097152
795791600 0 1 0 0 0 0 2097152
795794800 0 0 0 0 0 0 2097152
795798000 0 1 0 0 0 0 2097152
795801200 0 0 0 0 0 0 2097152
795804400 0 1 0 0 0 0 2097152
795807600 0 0 0 0 0 0 2097152
795810800 0 0 0 0 0 0 2097152
795814000 0 1 0 0 0 0 2097152
795817200 0 1 0 0 0 0 2097152
795820400 0 0 0 0 0 0 2097152
795823600 0 0 0 0 0 0 2097152
795826800 0 0 0 0 0 0 2097152
795830000 0 0 0 0 0 0 2097152
795833200 0 0 0 0 0 0 2097152
795836400 0 0 0 0 0 0 2097152
795839600 0 0 0 0 0 0 2097152
795842800 0 0 0 0 0 0 2097152
795846000 0 0 0 0 0 0 2097152
795849200 0 1 0 0 0 0 2097152
795852400 0 1 0 0 0 0 2097152
802000000 0 0 0 0 0 0 2097152
802003200 0 0 0 0 0 0 2097152
802006400 0 0 0 0 0 0 2097152
802009600 0 0 0 0 0 0 2097152
802012800 0 0 0 0 0 0 2097152
802016000 0 1 0 0 0 0 2097152
802019200 0 0 0 0 0 0 2097152
802022400 0 0 0 0 0 0 2097152
802025600 0 1 0 0 0 0 2097152
802028800 0 1 0 0 0 0 2097152
802032000 0 1 0 0 0 0 2097152
802035200 0 0 0 0 0 0 2097152
802038400 0 1 0 0 0 0 2097152
802041600 0 0 0 0 0 0 2097152
802044800 0 1 0 0 0 0 2097152
802048000 0 1 0 0 0 0 2097152
802051200 0 0 0 0 0 0 2097152
802054400 0 1 0 0 0 0 2097152
802057600 0 0 0 0 0 0 2097152
802060800 0 0 0 0 0 0 2097152
802064000 0 1 0 0 0 0 2097152
802067200 0 1 0 0 0 0 2097152
802070400 0 0 0 0 0 0 2097152
802073600 0 0 0 0 0 0 2097152
802076800 0 0 0 0 0 0 2097152
802080000 0 0 0 0 0 0 2097152
802083200 0 1 0 0 0 0 2097152
802086400 0 0 0 0 0 0 2097152
802089600 0 1 0 0 0 0 2097152
802092800 0 1 0 0 0 0 2097152
802096000 0 0 0 0 0 0 2097152
802099200 0 1 0 0 0 0 2097152
802102400 0 1 0 0 0 0 2097152
803000000 0 0 0 0 0 0 2097152
803003200 0 0 0 0 0 0 2097152
803006400 0 0 0 0 0 0 2097152
803009600 0 0 0 0 0 0 2097152
803012800 0 0 0 0 0 0 2097152
803016000 0 1 0 0 0 0 2097152
803019200 0 0 0 0 0 0 2097152
803022400 0 0 0 0 0 0 2097152
803025600 0 1 0 0 0 0 2097152
803028800 0 1 0 0 0 0 2097152
803032000 0 1 0 0 0 0 2097152
803035200 0 0 0 0 0 0 2097152
803038400 0 1 0 0 0 0 2097152
803041600 0 0 0 0 0 0 2097152
803044800 0 0 0 0 0 0 2097152
803048000 0 1 0 0 0 0 2097152
803051200 0 1 0 0 0 0 2097152
803054400 0 1 0 0 0 0 2097152
803057600 0 0 0 0 0 0 2097152
803060800 0 0 0 0 0 0 2097152
803064000 0 1 0 0 0 0 2097152
803067200 0 1 0 0 0 0 2097152
803070400 0 0 0 0 0 0 2097152
803073600 0 0 0 0 0 0 2097152
803076800 0 1 0 0 0 0 2097152
803080000 0 0 0 0 0 0 2097152
803083200 0 1 0 0 0 0 2097152
803086400 0 1 0 0 0 0 2097152
803089600 0 0 0 0 0 0 2097152
803092800 0 1 0 0 0 0 2097152
803096000 0 0 0 0 0 0 2097152
803099200 0 1 0 0 0 0 2097152
803102400 0 1 0 0 0 0 2097152
804000000 0 0 0 0 0 0 2097152
804003200 0 0 0 0 0 0 2097152
804006400 0 0 0 0 0 0 2097152
804009600 0 0 0 0 0 0 2097152
804012800 0 0 0 0 0 0 2097152
804016000 0 1 0 0 0 0 2097152
804019200 0 0 0 0 0 0 2097152
804022400 0 0 0 0 0 0 2097152
804025600 0 1 0 0 0 0 2097152
804028800 0 1 0 0 0 0 2097152
804032000 0 1 0 0 0 0 2097152
804035200 0 0 0 0 0 0 2097152
804038400 0 0 0 0 0 0 2097152
804041600 0 0 0 0 0 0 2097152
804044800 0 0 0 0 0 0 2097152
804048000 0 0 0 0 0 0 2097152
804051200 0 0 0 0 0 0 2097152
804054400 0 0 0 0 0 0 2097152
804057600 0 1 0 0 0 0 2097152
804060800 0 0 0 0 0 0 2097152
804064000 0 1 0 0 0 0 2097152
804067200 0 1 0 0 0 0 2097152
804070400 0 0 0 0 0 0 2097152
804073600 0 0 0 0 0 0 2097152
804076800 0 1 0 0 0 0 2097152
804080000 0 0 0 0 0 0 2097152
804083200 0 1 0 0 0 0 2097152
804086400 0 1 0 0 0 0 2097152
804089600 0 0 0 0 0 0 2097152
804092800 0 1 0 0 0 0 2097152
804096000 0 0 0 0 0 0 2097152
804099200 0 1 0 0 0 0 2097152
804102400 0 1 0 0 0 0 2097152
1002000000 0 0 0 0 0 0 2097152
1002003200 0 0 0 0 0 0 2097152
1002006400 0 0 0 0 0 0 2097152
1002009600 0 0 0 0 0 0 2097152
1002012800 0 0 0 0 0 0 2097152
1002016000 0 0 0 0 0 0 2097152
1002019200 0 0 0 0 0 0 2097152
1002022400 0 0 0 0 0 0 2097152
1002025600 0 1 0 0 0 0 2097152
1002028800 0 1 0 0 0 0 2097152
1002032000 0 1 0 0 0 0 2097152
1002035200 0 0 0 0 0 0 2097152
1002038400 0 1 0 0 0 0 2097152
1002041600 0 0 0 0 0 0 2097152
1002044800 0 1 0 0 0 0 2097152
1002048000 0 1 0 0 0 0 2097152
1002051200 0 0 0 0 0 0 2097152
1002054400 0 1 0 0 0 0 2097152
1002057600 0 0 0 0 0 0 2097152
1002060800 0 0 0 0 0 0 2097152
1002064000 0 1 0 0 0 0 2097152
1002067200 0 1 0 0 0 0 2097152
1002070400 0 0 0 0 0 0 2097152
1002073600 0 0 0 0 0 0 2097152
1002076800 0 0 0 0 0 0 2097152
1002080000 0 0 0 0 0 0 2097152
1002083200 0 0 0 0 0 0 2097152
1002086400 0 0 0 0 0 0 2097152
1002089600 0 0 0 0 0 0 2097152
1002092800 0 0 0 0 0 0 2097152
1002096000 0 0 0 0 0 0 2097152
1002099200 0 1 0 0 0 0 2097152
1002102400 0 1 0 0 0 0 2097152
1003000000 0 0 0 0 0 0 2097152
1003003200 0 0 0 0 0 0 2097152
1003006400 0 0 0 0 0 0 2097152
1003009600 0 0 0 0 0 0 2097152
1003012800 0 0 0 0 0 0 2097152
1003016000 0 0 0 0 0 0 2097152
1003019200 0 0 0 0 0 0 2097152
1003022400 0 0 0 0 0 0 2097152
1003025600 0 1 0 0 0 0 2097152
1003028800 0 1 0 0 0 0 2097152
1003032000 0 1 0 0 0 0 2097152
1003035200 0 0 0 0 0 0 2097152
1003038400 0 1 0 0 0 0 2097152
1003041600 0 0 0 0 0 0 2097152
1003044800 0 0 0 0 0 0 2097152
1003048000 0 1 0 0 0 0 2097152
1003051200 0 1 0 0 0 0 2097152
1003054400 0 1 0 0 0 0 2097152
1003057600 0 0 0 0 0 0 2097152
1003060800 0 0 0 0 0 0 2097152
1003064000 0 1 0 0 0 0 2097152
1003067200 0 1 0 0 0 0 2097152
1003070400 0 0 0 0 0 0 2097152
1003073600 0 0 0 0 0 0 2097152
1003076800 0 0 0 0 0 0 2097152
1003080000 0 0 0 0 0 0 2097152
1003083200 0 0 0 0 0 0 2097152
1003086400 0 0 0 0 0 0 2097152
1003089600 0 0 0 0 0 0 2097152
1003092800 0 0 0 0 0 0 2097152
1003096000 0 0 0 0 0 0 2097152
1003099200 0 1 0 0 0 0 2097152
1003102400 0 1 0 0 0 0 2097152
1004000000 0 0 0 0 0 0 2097152
1004003200 0 0 0 0 0 0 2097152
1004006400 0 0 0 0 0 0 2097152
1004009600 0 0 0 0 0 0 2097152
1004012800 0 0 0 0 0 0 2097152
1004016000 0 0 0 0 0 0 2097152
1004019200 0 0 0 0 0 0 2097152
1004022400 0 0 0 0 0 0 2097152
1004025600 0 1 0 0 0 0 2097152
1004028800 0 1 0 0 0 0 2097152
1004032000 0 1 0 0 0 0 2097152
1004035200 0 0 0 0 0 0 2097152
1004038400 0 0 0 0 0 0 2097152
1004041600 0 0 0 0 0 0 2097152
1004044800 0 0 0 0 0 0 2097152
1004048000 0 0 0 0 0 0 2097152
1004051200 0 0 0 0 0 0 2097152
1004054400 0 0 0 0 0 0 2097152
1004057600 0 1 0 0 0 0 2097152
1004060800 0 0 0 0 0 0 2097152
1004064000 0 1 0 0 0 0 2097152
1004067200 0 1 0 0 0 0 2097152
1004070400 0 0 0 0 0 0 2097152
1004073600 0 0 0 0 0 0 2097152
1004076800 0 0 0 0 0 0 2097152
1004080000 0 0 0 0 0 0 2097152
1004083200 0 0 0 0 0 0 2097152
1004086400 0 0 0 0 0 0 2097152
1004089600 0 0 0 0 0 0 2097152
1004092800 0 0 0 0 0 0 2097152
1004096000 0 0 0 0 0 0 2097152
1004099200 0 1 0 0 0 0 2097152
1004102400 0 1 0 0 0 0 2097152
